Key,,Id,Korean(ko),English(en)
NeedRankingPoint,,20702027776,달성 랭킹 포인트,NeedRankingPoint
NeedInterior,,2.43892E+13,필요한 가구,NeedInterior
GoldFormat,,2.6243E+13,골드: {0},Gold: {0}
Health,,8.01436E+13,체력,Health
MoveSpeed,,8.09746E+13,이동속도,MoveSpeed
WorkSpeed,,8.11072E+13,작업속도,WorkSpeed
Buy,,1.52718E+14,구매,Buy
GodProduct,,1.52722E+14,신상품,New Product
PurchaseComplete,,1.52723E+14,구매 완료,Purchase completed
Get,,1.4789E+15,받기,Get
GuestLogin,,2.20674E+15,게스트 로그인,GuestLogin
EmployeeUpgradeComplete,,2.2821E+15,교육 완료됨,UpgradeComplete
EmployeeName101101,,2.28649E+15,라이언,EmployeeName101101
EmployeeName101201,,2.28649E+15,뿌까,EmployeeName101201
EmployeeName101202,,2.28649E+15,도라에몽,EmployeeName101202
EmployeeName101203,,2.28649E+15,마리오,EmployeeName101203
EmployeeName101204,,2.28649E+15,마시마로,EmployeeName101204
EmployeeName101205,,2.28649E+15,뽀로로,EmployeeName101205
EmployeeName101206,,2.28649E+15,잔망루피,EmployeeName101206
EmployeeName101301,,2.28649E+15,페페,EmployeeName101301
EmployeeName101302,,2.28649E+15,이상한페페,EmployeeName101302
EmployeeName101303,,2.28649E+15,가루,EmployeeName101303
EmployeeName101304,,2.28649E+15,푸,EmployeeName101304
EmployeeName101305,,2.28649E+15,핑크빈,EmployeeName101305
EmployeeName101306,,2.28649E+15,크림슨발록,EmployeeName101306
EmployeeName102101,,2.28649E+15,직원102101,EmployeeName102101
EmployeeName102201,,2.28649E+15,직원102201,EmployeeName102201
EmployeeName102202,,2.28649E+15,직원102202,EmployeeName102202
EmployeeName102203,,2.28649E+15,직원102203,EmployeeName102203
EmployeeName102204,,2.28649E+15,직원102204,EmployeeName102204
EmployeeName102205,,2.28649E+15,직원102205,EmployeeName102205
EmployeeName102206,,2.28649E+15,직원102206,EmployeeName102206
EmployeeName102301,,2.28649E+15,직원102301,EmployeeName102301
EmployeeName102302,,2.28649E+15,직원102302,EmployeeName102302
EmployeeName102303,,2.28649E+15,직원102303,EmployeeName102303
EmployeeName102304,,2.28649E+15,직원102304,EmployeeName102304
EmployeeName102305,,2.28649E+15,직원102305,EmployeeName102305
EmployeeName102306,,2.28649E+15,직원102306,EmployeeName102306
EmployeeName103101,,2.28649E+15,직원103101,EmployeeName103101
EmployeeName103201,,2.28649E+15,직원103201,EmployeeName103201
EmployeeName103202,,2.28649E+15,직원103202,EmployeeName103202
EmployeeName103203,,2.28649E+15,직원103203,EmployeeName103203
EmployeeName103204,,2.28649E+15,직원103204,EmployeeName103204
EmployeeName103205,,2.28649E+15,직원103205,EmployeeName103205
EmployeeName103206,,2.28649E+15,직원103206,EmployeeName103206
EmployeeName103301,,2.28649E+15,직원103301,EmployeeName103301
EmployeeName103302,,2.28649E+15,직원103302,EmployeeName103302
EmployeeName103303,,2.28649E+15,직원103303,EmployeeName103303
EmployeeName103304,,2.28649E+15,직원103304,EmployeeName103304
EmployeeName103305,,2.28649E+15,직원103305,EmployeeName103305
EmployeeName103306,,2.28649E+15,직원103306,EmployeeName103306
FoodName700001,,2.61736E+15,에스프레소,FoodName700001
FoodName700002,,2.61736E+15,아메리카노,FoodName700002
FoodName700003,,2.61736E+15,도피오,FoodName700003
FoodName700004,,2.61736E+15,밀크티,FoodName700004
FoodName700005,,2.61736E+15,핫초코,FoodName700005
FoodName700006,,2.61736E+15,레몬에이드,FoodName700006
FoodName700007,,2.61736E+15,자몽에이드,FoodName700007
FoodName700008,,2.61736E+15,카페라떼 ,FoodName700008
FoodName700009,,2.61736E+15,카푸치노,FoodName700009
FoodName700010,,2.61736E+15,초코 프라페,FoodName700010
FoodName700011,,2.61736E+15,녹차 프라페,FoodName700011
FoodName700012,,2.61736E+15, 블루베리 버블티,FoodName700012
FoodName700013,,2.61736E+15,오렌지 주스,FoodName700013
FoodName700014,,2.61736E+15,블루베리 머핀,FoodName700014
FoodName700015,,2.61736E+15,초코 칩 머핀,FoodName700015
FoodName700016,,2.61736E+15,딸기 녹차 프라페,FoodName700016
FoodName700017,,2.61736E+15,망고 스무디,FoodName700017
FoodName700018,,2.61736E+15,플랫 화이트,FoodName700018
FoodName700019,,2.61736E+15,카페모카,FoodName700019
FoodName700020,,2.61736E+15,카라멜 마키아토,FoodName700020
FoodName700021,,2.61736E+15,민트티,FoodName700021
FoodName700022,,2.61736E+15,계피차,FoodName700022
FoodName700023,,2.61736E+15,사과 민트 에이드,FoodName700023
FoodName700024,,2.61736E+15,유자 에이드,FoodName700024
FoodName700025,,2.61736E+15,딸기 바나나 스무디,FoodName700025
FoodName700026,,2.61736E+15,요거트 스무디 ,FoodName700026
FoodName700027,,2.61736E+15,블루베리 스무디,FoodName700027
FoodName700028,,2.61736E+15,바나나 머핀,FoodName700028
FoodName700029,,2.61736E+15,크랜베리 머핀,FoodName700029
FoodName700030,,2.61736E+15,호두 시나몬 머핀,FoodName700030
FoodName700031,,2.61736E+15,참치 뱃살 초밥 (1P),FoodName700031
FoodName700032,,2.61736E+15,연어 초밥 (1P),FoodName700032
FoodName700033,,2.61736E+15,덴푸라 ,FoodName700033
FoodName700034,,2.61736E+15,가라아게,FoodName700034
FoodName700035,,2.61736E+15,야끼토리1,FoodName700035
FoodName700036,,2.61736E+15,오코노미 야키,FoodName700036
FoodName700037,,2.61736E+15,야끼소바,FoodName700037
FoodName700038,,2.61736E+15,간장 라멘,FoodName700038
FoodName700039,,2.61736E+15,삿포로 라멘,FoodName700039
FoodName700040,,2.61736E+15,하코다테 라멘,FoodName700040
FoodName700041,,2.61736E+15,새우 초밥 (1P),FoodName700041
FoodName700042,,2.61736E+15,단새우 초밥 (1P),FoodName700042
FoodName700043,,2.61736E+15,장어 초밥 (1P),FoodName700043
FoodName700044,,2.61736E+15,돈가스,FoodName700044
FoodName700045,,2.61736E+15, 튀김우동,FoodName700045
FoodName700046,,2.61736E+15,스테이크 ,FoodName700046
FoodName700047,,2.61736E+15,돼지뼈 라멘,FoodName700047
FoodName700048,,2.61736E+15,닭 육수 라멘,FoodName700048
FoodName700049,,2.61736E+15,우동면 라멘 ,FoodName700049
FoodName700050,,2.61736E+15,리얼 게살 초밥 (1P),FoodName700050
FoodName700051,,2.61736E+15,방어 초밥(1P),FoodName700051
FoodName700052,,2.61736E+15,계란튀김 초밥(2P),FoodName700052
FoodName700053,,2.61736E+15,소고시 튀김 초밥(2P) ,FoodName700053
FoodName700054,,2.61736E+15,야끼토리2,FoodName700054
FoodName700055,,2.61736E+15,해산물 구이,FoodName700055
FoodName700056,,2.61736E+15,돈코츠 라멘 ,FoodName700056
FoodName700057,,2.61736E+15,마늘 기름 라멘 ,FoodName700057
FoodName700058,,2.61736E+15,매운 땅콩 소스 라멘,FoodName700058
FoodName700059,,2.61736E+15,성게알 초밥(1P),FoodName700059
FoodName700060,,2.61736E+15,파 라멘,FoodName700060
FoodName700061,,2.61736E+15,김치 까르보나라,FoodName700061
FoodName700062,,2.61736E+15,불고기 그라탕,FoodName700062
FoodName700063,,2.61736E+15,참치 마요 크로켓,FoodName700063
FoodName700064,,2.61736E+15,트러플 감자전 튀김,FoodName700064
FoodName700065,,2.61736E+15,인도식 난 피자,FoodName700065
FoodName700066,,2.61736E+15,라따뚜이,FoodName700066
FoodName700067,,2.61736E+15,유부 타코 야끼소바,FoodName700067
FoodName700068,,2.61736E+15,불고기 샌드위치,FoodName700068
FoodName700069,,2.61736E+15,비빕밥 롤,FoodName700069
FoodName700070,,2.61736E+15,타코야끼 리조또,FoodName700070
FoodName700071,,2.61736E+15,실비 김치 버거,FoodName700071
FoodName700072,,2.61736E+15,불닭튀김 리조또,FoodName700072
FoodName700073,,2.61736E+15,오코노미야끼 핫도그,FoodName700073
FoodName700074,,2.61736E+15,마라 핫도그,FoodName700074
FoodName700075,,2.61736E+15,오코노미야끼  감자튀김,FoodName700075
FoodName700076,,2.61736E+15,스테이크 김치 철판 볶음밥,FoodName700076
FoodName700077,,2.61736E+15,닭강정 샌드위치,FoodName700077
FoodName700078,,2.61736E+15,갈비버거,FoodName700078
FoodName700079,,2.61736E+15,와사비 크림 파스타,FoodName700079
FoodName700080,,2.61736E+15,단짠 양념 새우 리조또,FoodName700080
FoodName700081,,2.61736E+15,바삭한 김치전 치즈 덮밥,FoodName700081
FoodName700082,,2.61736E+15,불닭튀김 리조또,FoodName700082
FoodName700083,,2.61736E+15,그린커리 치킨 철판 볶음밥,FoodName700083
FoodName700084,,2.61736E+15,마라 샌드위치,FoodName700084
FoodName700085,,2.61736E+15,제육볶음 바게트 샌드위치,FoodName700085
FoodName700086,,2.61736E+15,일본식 카레 철판 볶음밥,FoodName700086
FoodName700087,,2.61736E+15,쌀국수 김치전골,FoodName700087
FoodName700088,,2.61736E+15,똠양 불고기 그라탕,FoodName700088
FoodName700089,,2.61736E+15,똠양 불고기 튀김,FoodName700089
FoodName700090,,2.61736E+15,바질 양고기탕,FoodName700090
Restaurant1,,2.62303E+15,겉바속촉 빵집,Restaurant1
Restaurant2,,2.62303E+15,소금빵의 성지,Restaurant2
Restaurant3,,2.62303E+15,바게트 왕국,Restaurant3
Restaurant4,,2.62303E+15,빵순이네 베이커리,Restaurant4
Restaurant5,,2.62303E+15,크림빵 도둑,Restaurant5
Restaurant6,,2.62303E+15,버터향 가득한 빵집,Restaurant6
Restaurant7,,2.62303E+15,모닝빵의 전설,Restaurant7
Restaurant8,,2.62303E+15,앙버터 천국,Restaurant8
Restaurant9,,2.62303E+15,초코크로와상 연구소,Restaurant9
Restaurant10,,2.62303E+15,따끈따끈 빵 굽는 집,Restaurant10
Restaurant11,,2.62303E+15,식빵 명가,Restaurant11
Restaurant12,,2.62303E+15,쿠키몬스터 베이커리,Restaurant12
Restaurant13,,2.62303E+15,달콤한 시간,Restaurant13
Restaurant14,,2.62303E+15,마카롱 궁전,Restaurant14
Restaurant15,,2.62303E+15,빵으로 만든 꿈,Restaurant15
Restaurant16,,2.62303E+15,버터폭탄 빵집,Restaurant16
Restaurant17,,2.62303E+15,도넛이 날 부른다,Restaurant17
Restaurant18,,2.62303E+15,크림샌드빵 연구소,Restaurant18
Restaurant19,,2.62303E+15,빵집 대장네,Restaurant19
Restaurant20,,2.62303E+15,오븐 속 작은 마법사,Restaurant20
Restaurant21,,2.62303E+15,에그타르트 마스터,Restaurant21
Restaurant22,,2.62303E+15,따끈한 오후의 빵집,Restaurant22
Restaurant23,,2.62303E+15,빵과 커피의 조화,Restaurant23
Restaurant24,,2.62303E+15,초코빵의 유혹,Restaurant24
Restaurant25,,2.62303E+15,촉촉한 밤 베이커리,Restaurant25
Restaurant26,,2.62303E+15,카스테라 천국,Restaurant26
Restaurant27,,2.62303E+15,페이스트리 궁전,Restaurant27
Restaurant28,,2.62303E+15,달달 베이커리,Restaurant28
Restaurant29,,2.62303E+15,초코칩 쿠키의 성지,Restaurant29
Restaurant30,,2.62303E+15,버터 스콘 카페,Restaurant30
Restaurant31,,2.62303E+15,브레드 헤븐,Restaurant31
Restaurant32,,2.62303E+15,크루아상과 친구들,Restaurant32
Restaurant33,,2.62303E+15,빵과 사랑 이야기,Restaurant33
Restaurant34,,2.62303E+15,아몬드빵 연구소,Restaurant34
Restaurant35,,2.62303E+15,치즈케이크의 마법,Restaurant35
Restaurant36,,2.62303E+15,파이&타르트 전문점,Restaurant36
Restaurant37,,2.62303E+15,브레드 아카데미,Restaurant37
Restaurant38,,2.62303E+15,하루 한 조각,Restaurant38
Restaurant39,,2.62303E+15,달콤한 슈크림 천국,Restaurant39
Restaurant40,,2.62303E+15,디저트 도둑,Restaurant40
Restaurant41,,2.62303E+15,프랑스식 빵 굽는 집,Restaurant41
Restaurant42,,2.62303E+15,밀가루 향기 가득한 곳,Restaurant42
Restaurant43,,2.62303E+15,식빵 마법사의 집,Restaurant43
Restaurant44,,2.62303E+15,빵 속의 인생,Restaurant44
Restaurant45,,2.62303E+15,바삭 촉촉 빵 공방,Restaurant45
Restaurant46,,2.62303E+15,따끈따끈 구운 빵,Restaurant46
Restaurant47,,2.62303E+15,크림 가득 베이커리,Restaurant47
Restaurant48,,2.62303E+15,소보루왕국,Restaurant48
Restaurant49,,2.62303E+15,쿠키&브레드 하우스,Restaurant49
Restaurant50,,2.62303E+15,사시미의 달인,Restaurant50
Restaurant51,,2.62303E+15,초밥 먹는 고양이,Restaurant51
Restaurant52,,2.62303E+15,연어초밥 왕국,Restaurant52
Restaurant53,,2.62303E+15,돈카츠 대장네,Restaurant53
Restaurant54,,2.62303E+15,우동의 신세계,Restaurant54
Restaurant55,,2.62303E+15,이자카야 밤,Restaurant55
Restaurant56,,2.62303E+15,라멘 장인의 집,Restaurant56
Restaurant57,,2.62303E+15,참치뱃살 전문점,Restaurant57
Restaurant58,,2.62303E+15,야키소바 마스터,Restaurant58
Restaurant59,,2.62303E+15,미소국의 정석,Restaurant59
Restaurant60,,2.62303E+15,사케와 초밥의 조화,Restaurant60
Restaurant61,,2.62303E+15,회전초밥 스테이션,Restaurant61
Restaurant62,,2.62303E+15,텐동 마법사,Restaurant62
Restaurant63,,2.62303E+15,유부초밥 연구소,Restaurant63
Restaurant64,,2.62303E+15,와사비 초밥 하우스,Restaurant64
Restaurant65,,2.62303E+15,사케 한 잔 어때,Restaurant65
Restaurant66,,2.62303E+15,규동 맛집,Restaurant66
Restaurant67,,2.62303E+15,연어 덮밥의 전설,Restaurant67
Restaurant68,,2.62303E+15,오니기리 마을,Restaurant68
Restaurant69,,2.62303E+15,일본 가정식 전문점,Restaurant69
Restaurant70,,2.62303E+15,라멘과 돈부리,Restaurant70
Restaurant71,,2.62303E+15,아부리 초밥 천국,Restaurant71
Restaurant72,,2.62303E+15,바삭한 가츠동,Restaurant72
Restaurant73,,2.62303E+15,야키토리의 신,Restaurant73
Restaurant74,,2.62303E+15,스시 마에스트로,Restaurant74
Restaurant75,,2.62303E+15,일식요리 장인의 집,Restaurant75
Restaurant76,,2.62303E+15,일본 카레의 정석,Restaurant76
Restaurant77,,2.62303E+15,타코야키 홀릭,Restaurant77
Restaurant78,,2.62303E+15,텐푸라 명가,Restaurant78
Restaurant79,,2.62303E+15,후토마키 마스터,Restaurant79
Restaurant80,,2.62303E+15,장어덮밥 연구소,Restaurant80
Restaurant81,,2.62303E+15,혼밥 스시집,Restaurant81
Restaurant82,,2.62303E+15,"스시, 사케 그리고 나",Restaurant82
Restaurant83,,2.62303E+15,야키니쿠 궁전,Restaurant83
Restaurant84,,2.62303E+15,일본식 함박스테이크,Restaurant84
Restaurant85,,2.62303E+15,츠케멘 맛집,Restaurant85
Restaurant86,,2.62303E+15,사시미의 전설,Restaurant86
Restaurant87,,2.62303E+15,교자와 라멘의 조화,Restaurant87
Restaurant88,,2.62303E+15,돈부리 천국,Restaurant88
Restaurant89,,2.62303E+15,마제소바 맛집,Restaurant89
Restaurant90,,2.62303E+15,오마카세 초밥 하우스,Restaurant90
Restaurant91,,2.62303E+15,김초밥 롤 천국,Restaurant91
Restaurant92,,2.62303E+15,한 입에 사르르 스시,Restaurant92
Restaurant93,,2.62303E+15,후토마키 공방,Restaurant93
Restaurant94,,2.62303E+15,스시 로드,Restaurant94
Restaurant95,,2.62303E+15,라멘의 달인,Restaurant95
Restaurant96,,2.62303E+15,사케 & 사시미 하우스,Restaurant96
Restaurant97,,2.62303E+15,타마고초밥 전문점,Restaurant97
Restaurant98,,2.62303E+15,도쿄 스타일 초밥집,Restaurant98
Restaurant99,,2.62303E+15,김치타코 마스터,Restaurant99
Restaurant100,,2.62303E+15,불닭파스타 연구소,Restaurant100
Restaurant101,,2.62303E+15,라멘버거 크리에이터,Restaurant101
Restaurant102,,2.62303E+15,짜장파스타 전문점,Restaurant102
Restaurant103,,2.62303E+15,떡볶이 피자 하우스,Restaurant103
Restaurant104,,2.62303E+15,마라 불고기버거,Restaurant104
Restaurant105,,2.62303E+15,한식 멕시칸 레스토랑,Restaurant105
Restaurant106,,2.62303E+15,퓨전 타코 천국,Restaurant106
Restaurant107,,2.62303E+15,버거 덮밥 연구소,Restaurant107
Restaurant108,,2.62303E+15,불고기치즈버거 왕국,Restaurant108
Restaurant109,,2.62303E+15,치즈퐁듀 삼겹살,Restaurant109
Restaurant110,,2.62303E+15,짜파구리 스테이션,Restaurant110
Restaurant111,,2.62303E+15,스테이크 덮밥 연구소,Restaurant111
Restaurant112,,2.62303E+15,매운라면 피자집,Restaurant112
Restaurant113,,2.62303E+15,한식 퓨전 전문가,Restaurant113
Restaurant114,,2.62303E+15,연어 포케 하우스,Restaurant114
Restaurant115,,2.62303E+15,핫도그 덮밥 가능,Restaurant115
Restaurant116,,2.62303E+15,페페로니쌈장피자,Restaurant116
Restaurant117,,2.62303E+15,불닭 크림파스타,Restaurant117
Restaurant118,,2.62303E+15,마라떡볶이 스페셜,Restaurant118
Restaurant119,,2.62303E+15,퓨전음식 혁명가,Restaurant119
Restaurant120,,2.62303E+15,타코야끼 피자집,Restaurant120
Restaurant121,,2.62303E+15,고추장 치즈스테이크,Restaurant121
Restaurant122,,2.62303E+15,라멘&불고기 타코,Restaurant122
Restaurant123,,2.62303E+15,한식 버거 연구소,Restaurant123
Restaurant124,,2.62303E+15,마라 크림파스타,Restaurant124
Restaurant125,,2.62303E+15,치즈불닭 스파게티,Restaurant125
Restaurant126,,2.62303E+15,퓨전 덮밥 스페셜,Restaurant126
Restaurant127,,2.62303E+15,치킨와플의 정석,Restaurant127
Restaurant128,,2.62303E+15,퓨전 스테이크 하우스,Restaurant128
Restaurant129,,2.62303E+15,햄버거 김밥 OK,Restaurant129
Restaurant130,,2.62303E+15,버터치킨 타코,Restaurant130
Restaurant131,,2.62303E+15,퓨전 한식 연구소,Restaurant131
Restaurant132,,2.62303E+15,피자 떡볶이 마법사,Restaurant132
Restaurant133,,2.62303E+15,고추장 까르보나라,Restaurant133
Restaurant134,,2.62303E+15,불닭 김치 크로켓,Restaurant134
Restaurant135,,2.62303E+15,바질 떡볶이 연구소,Restaurant135
Restaurant136,,2.62303E+15,마라 짬뽕 덮밥,Restaurant136
Restaurant137,,2.62303E+15,퓨전 요리의 달인,Restaurant137
Restaurant138,,2.62303E+15,BBQ 타코 하우스,Restaurant138
Restaurant139,,2.62303E+15,퓨전 치킨 파라다이스,Restaurant139
Restaurant140,,2.62303E+15,치즈 김치볶음밥,Restaurant140
Restaurant141,,2.62303E+15,매운 치킨버거 연구소,Restaurant141
Restaurant142,,2.62303E+15,아시아 이탈리아,Restaurant142
Restaurant143,,2.62303E+15,한식 퓨전 실험실,Restaurant143
Restaurant144,,2.62303E+15,"크로켓, 덮밥 왕국",Restaurant144
Restaurant145,,2.62303E+15,퓨전 레스토랑 101,Restaurant145
Restaurant146,,2.62303E+15,치즈 폭탄 떡볶이,Restaurant146
Restaurant147,,2.62303E+15,한식양식 마법사,Restaurant147
HallStaff,,2.28933E+15,홀직원,HallStaff
KitchenStaff,,2.28933E+15,주방직원,KitchenStaff
CashierStaff,,2.28934E+15,계산원,cashierStaff
Employment,,2.29138E+15,고용,Employment
Education,,2.29142E+15,교육,Education
Completed,,2.29144E+15,완료됨,Completed
MoneyFormat,,2.55987E+15,돈 : {0},Money : {0}
CoffeeMachine,,2.61361E+15,커피머신,CoffeeMachine
DrinkingFountain,,2.61361E+15,음수대,DrinkingFountain
SparklingWaterMaker,,2.61361E+15,탄산수제조대,SparklingWaterMaker
Blender,,2.61361E+15,블렌더,Blender
Oven,,2.61361E+15,오븐,Oven
Check,,2.61587E+15,확인,Check
Upgrade,,2.61587E+15,업그레이드,Upgrade
NetworkFailureAlertTitle,,2.70438E+15,네트워크 연결 실패!,NetworkFailure!
NetworkFailureAlertDescription,,2.70438E+15,"네트워크에 연결할 수
없습니다.
타이틀 화면으로 돌아갑니다.","Network Connection failure.
Return to Title."
TokenExpiredAlertTitle,,2.70438E+15,로그인 토큰 만료!,Login Token Expired!
TokenExpiredAlertDescription,,2.70438E+15,"토큰이 만료되었습니다.
타이틀 화면으로 돌아갑니다","Login Token is Expired, Return to Title"
ServerConnectionFailureAlertTitle,,2.70438E+15,"서버 연결 실패
",Server connection failure
ServerConnectionFailureAlertDescription,,2.70438E+15,현재 서버와 연결할 수 없습니다.,Can't connect with server
Player,,2.70467E+15,플레이어,Player
ShortOnMoney,,3.99956E+15,돈이부족합니다,short on Money
SNSPromotionEffectText,,4.01239E+15,손님 유입속도 증가,SNSPromotion
PDPromotionEffectText,,4.01259E+15,직원 작업&이동 속도 증가,PDPromotion
ChefPromotionEffectText,,4.01267E+15,두 명 손님 등장확률 증가,ChefPromotion
ItuberPromotionEffectText,,4.01284E+15,손님 유입속도 증가,ItuberPromotion
MissionName97011001,,4.8417E+15,카운터 구매하기,Purchase counter
MissionName97011002,,4.8417E+15,테이블 1 구매하기,Purchase 1 table
MissionName97011003,,4.8417E+15,쓰레기통 구매하기,Purchase trash bin
MissionName97011004,,4.8417E+15,싱크대 구매하기,Purchase sink
MissionName97011005,,4.8417E+15,커피머신 1 구매하기,Purchase 1 coffee machine
MissionName97011006,,4.8417E+15,에스프레소 해금하기,Unlock espresso
MissionName97011007,,4.8417E+15,에스프레소 {0}회 판매하기,Sell espresso {0} times
MissionName97011008,,4.8417E+15,계산원 1 고용하기,Hire 1 cashier
MissionName97011009,,4.8417E+15,홀 직원 1 고용하기,Hire 1 hall staff
MissionName97011010,,4.8417E+15,주방 직원 1 고용하기,Hire 1 kitchen staff
MissionName97011011,,4.8417E+15,SNS 홍보 1회 하기,Promote on SNS once
MissionName97011012,,4.8417E+15,테이블 1 업그레이드 {0}회하기,Upgrade 1 table {0} times
MissionName97011013,,4.8417E+15,커피머신 1 업그레이드 {0}회하기,Upgrade 1 coffee machine {0} times
MissionName97011014,,4.8417E+15,에스프레소 업그레이드 {0}회 하기,Upgrade espresso {0} times
MissionName97011015,,4.8417E+15,물 디스펜서 1 구매하기,Purchase 1 water dispenser
MissionName97011016,,4.8417E+15,밀크티 해금하기,Unlock milk tea
MissionName97011017,,4.8417E+15,밀크티 {0}회 판매하기,Sell milk tea {0} times
MissionName97011018,,4.8417E+15,메뉴판 구매하기,Purchase menu board
MissionName97011019,,4.8417E+15,카운터 업그레이드 하기,Upgrade counter
MissionName97011020,,4.8417E+15,손님들의 만족도 '매우 만족' {0}회 띄우기,Achieve 'Very Satisfied' from {0} customers
MissionName97011021,,4.8417E+15,홀 인테리어 벽지 업그레이드 하기,Upgrade hall wallpaper
MissionName97011022,,4.8417E+15,홀 인테리어 바닥 업그레이드 하기,Upgrade hall floor
MissionName97011023,,4.8417E+15,팁 {0}회 받기,Receive tip {0} times
MissionName97011024,,4.8417E+15,탄산수 제조기 1 구매하기,Purchase 1 soda maker
MissionName97011025,,4.8417E+15,레몬 에이드 {0}회 판매하기,Sell lemonade {0} times
MissionName97011026,,4.8417E+15,아이튜버 등장 {0}회 하기,Have Ituber appear {0} times
MissionName97011027,,4.8417E+15,계산원 1 업그레이드 하기,Upgrade 1 cashier
MissionName97011028,,4.8417E+15,쓰레기통 업그레이드 하기,Upgrade trash bin
MissionName97011029,,4.8417E+15,홀 직원 1 업그레이드 하기,Upgrade 1 hall staff
MissionName97011030,,4.8417E+15,주방 직원 1 업그레이드 하기,Upgrade 1 kitchen staff
MissionName97011031,,4.8417E+15,블렌더 1 구매하기,Purchase 1 blender
MissionName97011032,,4.8417E+15,초코 프라페 해금하기,Unlock choco frappe
MissionName97011033,,4.8417E+15,초코 프라페 {0}회 판매하기,Sell choco frappe {0} times
MissionName97011034,,4.8417E+15,방송 PD 등장 {0}회 하기,Have broadcasting PD appear {0} times
MissionName97011035,,4.8417E+15,오븐 1 구매하기,Purchase 1 oven
MissionName97011036,,4.8417E+15,블루베리 머핀 해금하기,Unlock blueberry muffin
MissionName97011037,,4.8417E+15,블루 베리 {0}회 판매하기,Sell blueberry {0} times
MissionName97011038,,4.8417E+15,주방 인테리어 벽지 업그레이드 하기,Upgrade kitchen wallpaper
MissionName97011039,,4.8417E+15,주방 인테리어 바닥 업그레이드 하기,Upgrade kitchen floor
MissionName97011040,,4.8417E+15,스타셰프 등장 {0}회 하기,Have star chef appear {0} times
MissionName97011041,,4.8417E+15,맛집 랭킹 {0} 달성하기,Achieve food ranking {0}
MissionName97012001,,4.8417E+15,카운터 구매하기,Purchase counter
MissionName97012002,,4.8417E+15,테이블 1 구매하기,Purchase 1 table
MissionName97012003,,4.8417E+15,쓰레기통 구매하기,Purchase trash bin
MissionName97012004,,4.8417E+15,싱크대 구매하기,Purchase sink
MissionName97012005,,4.8417E+15,초밥 조리대 1 구매하기,Purchase 1 sushi counter
MissionName97012006,,4.8417E+15,참치 뱃살 초밥 해금하기,Unlock tuna belly sushi
MissionName97012007,,4.8417E+15,참치 뱃살 초밥 {0}회 판매하기,Sell tuna belly sushi {0} times
MissionName97012008,,4.8417E+15,계산원 1 고용하기,Hire 1 cashier
MissionName97012009,,4.8417E+15,홀 직원 1 고용하기,Hire 1 hall staff
MissionName97012010,,4.8417E+15,주방 직원 1 고용하기,Hire 1 kitchen staff
MissionName97012011,,4.8417E+15,SNS 홍보 1회 하기,Promote on SNS once
MissionName97012012,,4.8417E+15,테이블 1 업그레이드 {0}회하기,Upgrade 1 table {0} times
MissionName97012013,,4.8417E+15,초밥 조리대 1 업그레이드 {0}회하기,Upgrade 1 sushi counter {0} times
MissionName97012014,,4.8417E+15,참치 뱃살 초밥 업그레이드 {0}회 하기,Upgrade tuna belly sushi {0} times
MissionName97012015,,4.8417E+15,튀김기 1 구매하기,Purchase 1 fryer
MissionName97012016,,4.8417E+15,덴푸라 해금하기,Unlock tempura
MissionName97012017,,4.8417E+15,덴푸라 {0}회 판매하기,Sell tempura {0} times
MissionName97012018,,4.8417E+15,메뉴판 구매하기,Purchase menu board
MissionName97012019,,4.8417E+15,카운터 구매하기,Upgrade counter
MissionName97012020,,4.8417E+15,팁 {0}회 받기,Receive tip {0} times
MissionName97012021,,4.8417E+15,홀 인테리어 벽지 업그레이드 하기,Upgrade hall wallpaper
MissionName97012022,,4.8417E+15,홀 인테리어 바닥 업그레이드 하기,Upgrade hall floor
MissionName97012023,,4.8417E+15,손님들의 만족도 '매우 만족' {0}회 띄우기,Achieve 'Very Satisfied' from n customers
MissionName97012024,,4.8417E+15,숯불 화로 1 구매하기,Purchase 1 charcoal grill
MissionName97012025,,4.8417E+15,야끼토리 1 {0}회 판매하기,Sell yakitori 1 {0} times
MissionName97012026,,4.8417E+15,아이튜버 등장 {0}회 하기,Have Ituber appear {0} times
MissionName97012027,,4.8417E+15,계산원 1 업그레이드 하기,Upgrade 1 cashier
MissionName97012028,,4.8417E+15,쓰레기통 업그레이드 하기,Upgrade trash bin
MissionName97012029,,4.8417E+15,홀 직원 1 업그레이드 하기,Upgrade 1 hall staff
MissionName97012030,,4.8417E+15,주방 직원 1 업그레이드 하기,Upgrade 1 kitchen staff
MissionName97012031,,4.8417E+15,철판 1 구매하기,Purchase 1 teppan
MissionName97012032,,4.8417E+15,오코노미 야키 해금하기,Unlock okonomiyaki
MissionName97012033,,4.8417E+15,오코노미 야키 {0}회 판매하기,Sell okonomiyaki {0} times
MissionName97012034,,4.8417E+15,방송 PD 등장 {0}회 하기,Have broadcasting PD appear {0} times
MissionName97012035,,4.8417E+15,냄비 1 구매하기,Purchase 1 pot
MissionName97012036,,4.8417E+15,간장 라멘 해금하기,Unlock soy sauce ramen
MissionName97012037,,4.8417E+15,간장 라멘 {0}회 판매하기,Sell soy sauce ramen {0} times
MissionName97012038,,4.8417E+15,주방 인테리어 벽지 업그레이드 하기,Upgrade kitchen wallpaper
MissionName97012039,,4.8417E+15,주방 인테리어 바닥 업그레이드 하기,Upgrade kitchen floor
MissionName97012040,,4.8417E+15,스타셰프 등장 {0}회 하기,Have star chef appear {0} times
MissionName97012041,,4.8417E+15,맛집 랭킹 {0} 달성하기,Achieve food ranking n
MissionName97013001,,4.8417E+15,카운터 구매하기,Purchase counter
MissionName97013002,,4.8417E+15,테이블 1 구매하기,Purchase 1 table
MissionName97013003,,4.8417E+15,쓰레기통 구매하기,Purchase trash bin
MissionName97013004,,4.8417E+15,싱크대 n 구매하기,Purchase sink {0} times
MissionName97013005,,4.8417E+15,냄비 1 구매하기,Purchase 1 pot
MissionName97013006,,4.8417E+15,김치 까르보나라 해금하기,Unlock kimchi carbonara
MissionName97013007,,4.8417E+15,김치 까르보나라 {0}회 판매하기,Sell kimchi carbonara {0} times
MissionName97013008,,4.8417E+15,계산원 1 고용하기,Hire 1 cashier
MissionName97013009,,4.8417E+15,홀 직원 1 고용하기,Hire 1 hall staff
MissionName97013010,,4.8417E+15,주방 직원 1 고용하기,Hire 1 kitchen staff
MissionName97013011,,4.8417E+15,SNS 홍보 1회 하기,Promote on SNS once
MissionName97013012,,4.8417E+15,테이블 1 업그레이드 {0}회하기,Upgrade 1 table {0} times
MissionName97013013,,4.8417E+15,냄비 1 업그레이드 {0}회하기,Upgrade 1 pot {0} times
MissionName97013014,,4.8417E+15,김치 까르보나라 업그레이드 {0}회 하기,Upgrade kimchi carbonara {0} times
MissionName97013015,,4.8417E+15,튀김기 1 구매하기,Purchase 1 fryer
MissionName97013016,,4.8417E+15,참치 마요 크로켓 해금하기,Unlock tuna mayo croquette
MissionName97013017,,4.8417E+15,참치 마요 크로켓 {0}회 판매하기,Sell tuna mayo croquette {0} times
MissionName97013018,,4.8417E+15,메뉴판 구매하기,Purchase menu board
MissionName97013019,,4.8417E+15,카운터 업그레이드 하기,Upgrade counter
MissionName97013020,,4.8417E+15,팁 {0}회 받기,Receive tip {0} times
MissionName97013021,,4.8417E+15,홀 인테리어 벽지 업그레이드 하기,Upgrade hall wallpaper
MissionName97013022,,4.8417E+15,홀 인테리어 바닥 업그레이드 하기,Upgrade hall floor
MissionName97013023,,4.8417E+15,손님들의 만족도 '매우 만족' {0}회 띄우기,Achieve 'Very Satisfied' from {0} customers
MissionName97013024,,4.8417E+15,오븐 1 구매하기,Purchase 1 oven
MissionName97013025,,4.8417E+15,인도식 난 피자 {0}회 판매하기,Sell Indian naan pizza {0} times
MissionName97013026,,4.8417E+15,아이튜버 등장 {0}회 하기,Have Ituber appear {0} times
MissionName97013027,,4.8417E+15,계산원 1 업그레이드 하기,Upgrade 1 cashier
MissionName97013028,,4.8417E+15,쓰레기통 업그레이드 하기,Upgrade trash bin
MissionName97013029,,4.8417E+15,홀 직원 1 업그레이드 하기,Upgrade 1 hall staff
MissionName97013030,,4.8417E+15,주방 직원 1 업그레이드 하기,Upgrade 1 kitchen staff
MissionName97013031,,4.8417E+15,철판 1 구매하기,Purchase 1 teppan
MissionName97013032,,4.8417E+15,유부 타코 야끼소바 해금하기,Unlock yubu taco yakisoba
MissionName97013033,,4.8417E+15,유부 타코 야끼소바 {0}회 판매하기,Sell yubu taco yakisoba {0} times
MissionName97013034,,4.8417E+15,방송 PD 등장 {0}회 하기,Have broadcasting PD appear {0} times
MissionName97013035,,4.8417E+15,주방 테이블 1 구매하기,Purchase 1 kitchen table
MissionName97013036,,4.8417E+15,불고기 샌드위치 해금하기,Unlock bulgogi sandwich
MissionName97013037,,4.8417E+15,불고기 샌드위치 {0}회 판매하기,Sell bulgogi sandwich {0} times
MissionName97013038,,4.8417E+15,주방 인테리어 벽지 업그레이드 하기,Upgrade kitchen wallpaper
MissionName97013039,,4.8417E+15,주방 인테리어 바닥 업그레이드 하기,Upgrade kitchen floor
MissionName97013040,,5.15017E+15,스타셰프 등장 {0}회 하기,Have star chef appear {0} times
MissionName97013041,,5.15017E+15,맛집 랭킹 {0} 달성하기,Achieve food ranking n
MissionName97020001,,4.8417E+15,아무 메뉴 10개 판매하기,Sell 10 menu
MissionName97020002,,4.8417E+15,팁 1회 획득하기,Receive 1 tip
MissionName97020003,,4.8417E+15,직원 체력 회복 3번 하기,Recover staff stamina 3 times
MissionName97020004,,4.8417E+15,손님 1명이 ‘매우 만족’ 상태로 결제하기,1 customer pays with 'Very Satisfied' status
MissionName97020005,,4.8417E+15,테이블 5회 청소하기,Clean tables 5 times
MissionName97020006,,4.8417E+15,SNS 홍보 버튼 1회 누르기,Press SNS promotion button once
MissionName97020007,,4.8417E+15,쓰레기 1회 치우기,Clear trash once
MissionName97030001,,4.8417E+15,아무 메뉴 100개 판매하기,Sell 100 menu
MissionName97030002,,4.8417E+15,팁 10회 획득하기,Receive 10 tips
MissionName97030003,,4.8417E+15,직원 체력 회복 10번 시키기,Recover staff stamina 10 times
MissionName97030004,,4.8417E+15,손님 10명이 ‘매우 만족’ 상태로 결제하기,10 customers pay with 'Very Satisfied' status
MissionName97030005,,4.8417E+15,테이블 100회 청소하기,Clean tables 100 times
MissionName97030006,,4.8417E+15,쓰레기 10회 치우기,Clear trash 10 times
MissionName97030007,,4.8417E+15,SNS 홍보 버튼 5회 누르기,Press SNS promotion button 5 times
MissionName97000101,,4.8417E+15,음식이 친절하고 사장님이 맛있어요 1,The food is kind and the owner is delicious 1
MissionName97000102,,4.8417E+15,음식이 친절하고 사장님이 맛있어요 2,The food is kind and the owner is delicious 2
MissionName97000103,,4.8417E+15,음식이 친절하고 사장님이 맛있어요 3,The food is kind and the owner is delicious 3
MissionName97000104,,4.8417E+15,음식이 친절하고 사장님이 맛있어요 4,The food is kind and the owner is delicious 4
MissionName97000105,,4.8417E+15,음식이 친절하고 사장님이 맛있어요 5,The food is kind and the owner is delicious 5
MissionName97000106,,4.8417E+15,음식이 친절하고 사장님이 맛있어요 6,The food is kind and the owner is delicious 6
MissionName97000107,,4.8417E+15,음식이 친절하고 사장님이 맛있어요 7,The food is kind and the owner is delicious 7
MissionName97000108,,4.8417E+15,음식이 친절하고 사장님이 맛있어요 8,The food is kind and the owner is delicious 8
MissionName97000109,,4.8417E+15,음식이 친절하고 사장님이 맛있어요 9,The food is kind and the owner is delicious 9
MissionName97000110,,4.8417E+15,음식이 친절하고 사장님이 맛있어요 10,The food is kind and the owner is delicious 10
MissionName97000111,,4.8417E+15,음식이 친절하고 사장님이 맛있어요 11,The food is kind and the owner is delicious 11
MissionName97000112,,4.8417E+15,음식이 친절하고 사장님이 맛있어요 12,The food is kind and the owner is delicious 12
MissionName97000113,,4.8417E+15,음식이 친절하고 사장님이 맛있어요 13,The food is kind and the owner is delicious 13
MissionName97000114,,4.8417E+15,음식이 친절하고 사장님이 맛있어요 14,The food is kind and the owner is delicious 14
MissionName97000115,,4.8417E+15,음식이 친절하고 사장님이 맛있어요 15,The food is kind and the owner is delicious 15
MissionName97000116,,4.8417E+15,음식이 친절하고 사장님이 맛있어요 16,The food is kind and the owner is delicious 16
MissionName97000117,,4.8417E+15,음식이 친절하고 사장님이 맛있어요 17,The food is kind and the owner is delicious 17
MissionName97000118,,4.8417E+15,음식이 친절하고 사장님이 맛있어요 18,The food is kind and the owner is delicious 18
MissionName97000119,,4.8417E+15,음식이 친절하고 사장님이 맛있어요 19,The food is kind and the owner is delicious 19
MissionName97000120,,4.8417E+15,음식이 친절하고 사장님이 맛있어요 20,The food is kind and the owner is delicious 20
MissionName97000201,,4.8417E+15,난 돈이 좋아! 1,I love money! 1
MissionName97000202,,4.8417E+15,난 돈이 좋아! 2,I love money! 2
MissionName97000203,,4.8417E+15,난 돈이 좋아! 3,I love money! 3
MissionName97000204,,4.8417E+15,난 돈이 좋아! 4,I love money! 4
MissionName97000205,,4.8417E+15,난 돈이 좋아! 5,I love money! 5
MissionName97000206,,4.8417E+15,난 돈이 좋아! 6,I love money! 6
MissionName97000207,,4.8417E+15,난 돈이 좋아! 7,I love money! 7
MissionName97000208,,4.8417E+15,난 돈이 좋아! 8,I love money! 8
MissionName97000209,,4.8417E+15,난 돈이 좋아! 9,I love money! 9
MissionName97000210,,4.8417E+15,난 돈이 좋아! 10,I love money! 10
MissionName97000211,,4.8417E+15,난 돈이 좋아! 11,I love money! 11
MissionName97000212,,4.8417E+15,난 돈이 좋아! 12,I love money! 12
MissionName97000213,,4.8417E+15,난 돈이 좋아! 13,I love money! 13
MissionName97000214,,4.8417E+15,난 돈이 좋아! 14,I love money! 14
MissionName97000215,,4.8417E+15,난 돈이 좋아! 15,I love money! 15
MissionName97000216,,4.8417E+15,난 돈이 좋아! 16,I love money! 16
MissionName97000217,,4.8417E+15,난 돈이 좋아! 17,I love money! 17
MissionName97000218,,4.8417E+15,난 돈이 좋아! 18,I love money! 18
MissionName97000219,,4.8417E+15,난 돈이 좋아! 19,I love money! 19
MissionName97000220,,4.8417E+15,난 돈이 좋아! 20,I love money! 20
MissionName97000301,,4.8417E+15,화려한 홍보가 나를 감싸네 1,Flashy promotions all around me 1
MissionName97000302,,4.8417E+15,화려한 홍보가 나를 감싸네 2,Flashy promotions all around me 2
MissionName97000303,,4.8417E+15,화려한 홍보가 나를 감싸네 3,Flashy promotions all around me 3
MissionName97000304,,4.8417E+15,화려한 홍보가 나를 감싸네 4,Flashy promotions all around me 4
MissionName97000305,,4.8417E+15,화려한 홍보가 나를 감싸네 5,Flashy promotions all around me 5
MissionName97000306,,4.8417E+15,화려한 홍보가 나를 감싸네 6,Flashy promotions all around me 6
MissionName97000307,,4.8417E+15,화려한 홍보가 나를 감싸네 7,Flashy promotions all around me 7
MissionName97000308,,4.8417E+15,화려한 홍보가 나를 감싸네 8,Flashy promotions all around me 8
MissionName97000309,,4.8417E+15,화려한 홍보가 나를 감싸네 9,Flashy promotions all around me 9
MissionName97000310,,4.8417E+15,화려한 홍보가 나를 감싸네 10,Flashy promotions all around me 10
MissionName97000311,,4.8417E+15,화려한 홍보가 나를 감싸네 11,Flashy promotions all around me 11
MissionName97000312,,4.8417E+15,화려한 홍보가 나를 감싸네 12,Flashy promotions all around me 12
MissionName97000313,,4.8417E+15,화려한 홍보가 나를 감싸네 13,Flashy promotions all around me 13
MissionName97000314,,4.8417E+15,화려한 홍보가 나를 감싸네 14,Flashy promotions all around me 14
MissionName97000315,,4.8417E+15,화려한 홍보가 나를 감싸네 15,Flashy promotions all around me 15
MissionName97000316,,4.8417E+15,화려한 홍보가 나를 감싸네 16,Flashy promotions all around me 16
MissionName97000317,,4.8417E+15,화려한 홍보가 나를 감싸네 17,Flashy promotions all around me 17
MissionName97000318,,4.8417E+15,화려한 홍보가 나를 감싸네 18,Flashy promotions all around me 18
MissionName97000319,,4.8417E+15,화려한 홍보가 나를 감싸네 19,Flashy promotions all around me 19
MissionName97000320,,4.8417E+15,화려한 홍보가 나를 감싸네 20,Flashy promotions all around me 20
MissionName97000401,,4.8417E+15,오늘따라 돈이 '단골' 1,Feels like a 'regular' day 1
MissionName97000402,,4.8417E+15,오늘따라 돈이 '단골' 2,Feels like a 'regular' day 2
MissionName97000403,,4.8417E+15,오늘따라 돈이 '단골' 3,Feels like a 'regular' day 3
MissionName97000404,,4.8417E+15,오늘따라 돈이 '단골' 4,Feels like a 'regular' day 4
MissionName97000405,,4.8417E+15,오늘따라 돈이 '단골' 5,Feels like a 'regular' day 5
MissionName97000406,,4.8417E+15,오늘따라 돈이 '단골' 6,Feels like a 'regular' day 6
MissionName97000407,,4.8417E+15,오늘따라 돈이 '단골' 7,Feels like a 'regular' day 7
MissionName97000408,,4.8417E+15,오늘따라 돈이 '단골' 8,Feels like a 'regular' day 8
MissionName97000409,,4.8417E+15,오늘따라 돈이 '단골' 9,Feels like a 'regular' day 9
MissionName97000410,,4.8417E+15,오늘따라 돈이 '단골' 10,Feels like a 'regular' day 10
MissionName97000411,,4.8417E+15,오늘따라 돈이 '단골' 11,Feels like a 'regular' day 11
MissionName97000412,,4.8417E+15,오늘따라 돈이 '단골' 12,Feels like a 'regular' day 12
MissionName97000413,,4.8417E+15,오늘따라 돈이 '단골' 13,Feels like a 'regular' day 13
MissionName97000414,,4.8417E+15,오늘따라 돈이 '단골' 14,Feels like a 'regular' day 14
MissionName97000415,,4.8417E+15,오늘따라 돈이 '단골' 15,Feels like a 'regular' day 15
MissionName97000416,,4.8417E+15,오늘따라 돈이 '단골' 16,Feels like a 'regular' day 16
MissionName97000417,,4.8417E+15,오늘따라 돈이 '단골' 17,Feels like a 'regular' day 17
MissionName97000418,,4.8417E+15,오늘따라 돈이 '단골' 18,Feels like a 'regular' day 18
MissionName97000419,,4.8417E+15,오늘따라 돈이 '단골' 19,Feels like a 'regular' day 19
MissionName97000420,,4.8417E+15,오늘따라 돈이 '단골' 20,Feels like a 'regular' day 20
MissionName97000501,,4.8417E+15,입소문의 신 1,Master of Word-of-Mouth 1
MissionName97000502,,4.8417E+15,입소문의 신 2,Master of Word-of-Mouth 2
MissionName97000503,,4.8417E+15,입소문의 신 3,Master of Word-of-Mouth 3
MissionName97000504,,4.8417E+15,입소문의 신 4,Master of Word-of-Mouth 4
MissionName97000505,,4.8417E+15,입소문의 신 5,Master of Word-of-Mouth 5
MissionName97000506,,4.8417E+15,입소문의 신 6,Master of Word-of-Mouth 6
MissionName97000507,,4.8417E+15,입소문의 신 7,Master of Word-of-Mouth 7
MissionName97000508,,4.8417E+15,입소문의 신 8,Master of Word-of-Mouth 8
MissionName97000509,,4.8417E+15,입소문의 신 9,Master of Word-of-Mouth 9
MissionName97000510,,4.8417E+15,입소문의 신 10,Master of Word-of-Mouth 10
MissionName97000511,,4.8417E+15,입소문의 신 11,Master of Word-of-Mouth 11
MissionName97000512,,4.8417E+15,입소문의 신 12,Master of Word-of-Mouth 12
MissionName97000513,,4.8417E+15,입소문의 신 13,Master of Word-of-Mouth 13
MissionName97000514,,4.8417E+15,입소문의 신 14,Master of Word-of-Mouth 14
MissionName97000515,,4.8417E+15,입소문의 신 15,Master of Word-of-Mouth 15
MissionName97000516,,4.8417E+15,입소문의 신 16,Master of Word-of-Mouth 16
MissionName97000517,,4.8417E+15,입소문의 신 17,Master of Word-of-Mouth 17
MissionName97000518,,4.8417E+15,입소문의 신 18,Master of Word-of-Mouth 18
MissionName97000519,,4.8417E+15,입소문의 신 19,Master of Word-of-Mouth 19
MissionName97000520,,4.8417E+15,입소문의 신 20,Master of Word-of-Mouth 20
MissionName97000601,,4.8417E+15,진상이 사장이 딸이에요 1,The rude customer is the owner's daughter 1
MissionName97000602,,4.8417E+15,진상이 사장이 딸이에요 2,The rude customer is the owner's daughter 2
MissionName97000603,,4.8417E+15,진상이 사장이 딸이에요 3,The rude customer is the owner's daughter 3
MissionName97000604,,4.8417E+15,진상이 사장이 딸이에요 4,The rude customer is the owner's daughter 4
MissionName97000605,,4.8417E+15,진상이 사장이 딸이에요 5,The rude customer is the owner's daughter 5
MissionName97000606,,4.8417E+15,진상이 사장이 딸이에요 6,The rude customer is the owner's daughter 6
MissionName97000607,,4.8417E+15,진상이 사장이 딸이에요 7,The rude customer is the owner's daughter 7
MissionName97000608,,4.8417E+15,진상이 사장이 딸이에요 8,The rude customer is the owner's daughter 8
MissionName97000609,,4.8417E+15,진상이 사장이 딸이에요 9,The rude customer is the owner's daughter 9
MissionName97000610,,4.8417E+15,진상이 사장이 딸이에요 10,The rude customer is the owner's daughter 10
MissionName97000611,,4.8417E+15,진상이 사장이 딸이에요 11,The rude customer is the owner's daughter 11
MissionName97000612,,4.8417E+15,진상이 사장이 딸이에요 12,The rude customer is the owner's daughter 12
MissionName97000613,,4.8417E+15,진상이 사장이 딸이에요 13,The rude customer is the owner's daughter 13
MissionName97000614,,4.8417E+15,진상이 사장이 딸이에요 14,The rude customer is the owner's daughter 14
MissionName97000615,,4.8417E+15,진상이 사장이 딸이에요 15,The rude customer is the owner's daughter 15
MissionName97000616,,4.8417E+15,진상이 사장이 딸이에요 16,The rude customer is the owner's daughter 16
MissionName97000617,,4.8417E+15,진상이 사장이 딸이에요 17,The rude customer is the owner's daughter 17
MissionName97000618,,4.8417E+15,진상이 사장이 딸이에요 18,The rude customer is the owner's daughter 18
MissionName97000619,,4.8417E+15,진상이 사장이 딸이에요 19,The rude customer is the owner's daughter 19
MissionName97000620,,4.8417E+15,진상이 사장이 딸이에요 20,The rude customer is the owner's daughter 20
MissionName97000701,,4.8417E+15,이 리뷰는 삭제되었습니다 1,This review has been deleted 1
MissionName97000702,,4.8417E+15,이 리뷰는 삭제되었습니다 2,This review has been deleted 2
MissionName97000703,,4.8417E+15,이 리뷰는 삭제되었습니다 3,This review has been deleted 3
MissionName97000704,,4.8417E+15,이 리뷰는 삭제되었습니다 4,This review has been deleted 4
MissionName97000705,,4.8417E+15,이 리뷰는 삭제되었습니다 5,This review has been deleted 5
MissionName97000706,,4.8417E+15,이 리뷰는 삭제되었습니다 6,This review has been deleted 6
MissionName97000707,,4.8417E+15,이 리뷰는 삭제되었습니다 7,This review has been deleted 7
MissionName97000708,,4.8417E+15,이 리뷰는 삭제되었습니다 8,This review has been deleted 8
MissionName97000709,,4.8417E+15,이 리뷰는 삭제되었습니다 9,This review has been deleted 9
MissionName97000710,,4.8417E+15,이 리뷰는 삭제되었습니다 10,This review has been deleted 10
MissionName97000711,,4.8417E+15,이 리뷰는 삭제되었습니다 11,This review has been deleted 11
MissionName97000712,,4.8417E+15,이 리뷰는 삭제되었습니다 12,This review has been deleted 12
MissionName97000713,,4.8417E+15,이 리뷰는 삭제되었습니다 13,This review has been deleted 13
MissionName97000714,,4.8417E+15,이 리뷰는 삭제되었습니다 14,This review has been deleted 14
MissionName97000715,,4.8417E+15,이 리뷰는 삭제되었습니다 15,This review has been deleted 15
MissionName97000716,,4.8417E+15,이 리뷰는 삭제되었습니다 16,This review has been deleted 16
MissionName97000717,,4.8417E+15,이 리뷰는 삭제되었습니다 17,This review has been deleted 17
MissionName97000718,,4.8417E+15,이 리뷰는 삭제되었습니다 18,This review has been deleted 18
MissionName97000719,,4.8417E+15,이 리뷰는 삭제되었습니다 19,This review has been deleted 19
MissionName97000720,,4.8417E+15,이 리뷰는 삭제되었습니다 20,This review has been deleted 20
MissionName97000801,,4.8417E+15,리뷰 맛집 1,Review Hotspot 1
MissionName97000802,,4.8417E+15,리뷰 맛집 2,Review Hotspot 2
MissionName97000803,,4.8417E+15,리뷰 맛집 3,Review Hotspot 3
MissionName97000804,,4.8417E+15,리뷰 맛집 4,Review Hotspot 4
MissionName97000805,,4.8417E+15,리뷰 맛집 5,Review Hotspot 5
MissionName97000806,,4.8417E+15,리뷰 맛집 6,Review Hotspot 6
MissionName97000807,,4.8417E+15,리뷰 맛집 7,Review Hotspot 7
MissionName97000808,,4.8417E+15,리뷰 맛집 8,Review Hotspot 8
MissionName97000809,,4.8417E+15,리뷰 맛집 9,Review Hotspot 9
MissionName97000810,,4.8417E+15,리뷰 맛집 10,Review Hotspot 10
MissionName97000811,,4.8417E+15,리뷰 맛집 11,Review Hotspot 11
MissionName97000812,,4.8417E+15,리뷰 맛집 12,Review Hotspot 12
MissionName97000813,,4.8417E+15,리뷰 맛집 13,Review Hotspot 13
MissionName97000814,,4.8417E+15,리뷰 맛집 14,Review Hotspot 14
MissionName97000815,,4.8417E+15,리뷰 맛집 15,Review Hotspot 15
MissionName97000816,,4.8417E+15,리뷰 맛집 16,Review Hotspot 16
MissionName97000817,,4.8417E+15,리뷰 맛집 17,Review Hotspot 17
MissionName97000818,,4.8417E+15,리뷰 맛집 18,Review Hotspot 18
MissionName97000819,,4.8417E+15,리뷰 맛집 19,Review Hotspot 19
MissionName97000820,,4.8417E+15,리뷰 맛집 20,Review Hotspot 20
MissionName97000901,,4.8417E+15,이 구역 청소왕 1,Cleaning King of This Area 1
MissionName97000902,,4.8417E+15,이 구역 청소왕 2,Cleaning King of This Area 2
MissionName97000903,,4.8417E+15,이 구역 청소왕 3,Cleaning King of This Area 3
MissionName97000904,,4.8417E+15,이 구역 청소왕 4,Cleaning King of This Area 4
MissionName97000905,,4.8417E+15,이 구역 청소왕 5,Cleaning King of This Area 5
MissionName97000906,,4.8417E+15,이 구역 청소왕 6,Cleaning King of This Area 6
MissionName97000907,,4.8417E+15,이 구역 청소왕 7,Cleaning King of This Area 7
MissionName97000908,,4.8417E+15,이 구역 청소왕 8,Cleaning King of This Area 8
MissionName97000909,,4.8417E+15,이 구역 청소왕 9,Cleaning King of This Area 9
MissionName97000910,,4.8417E+15,이 구역 청소왕 10,Cleaning King of This Area 10
MissionName97000911,,4.8417E+15,이 구역 청소왕 11,Cleaning King of This Area 11
MissionName97000912,,4.8417E+15,이 구역 청소왕 12,Cleaning King of This Area 12
MissionName97000913,,4.8417E+15,이 구역 청소왕 13,Cleaning King of This Area 13
MissionName97000914,,4.8417E+15,이 구역 청소왕 14,Cleaning King of This Area 14
MissionName97000915,,4.8417E+15,이 구역 청소왕 15,Cleaning King of This Area 15
MissionName97000916,,4.8417E+15,이 구역 청소왕 16,Cleaning King of This Area 16
MissionName97000917,,4.8417E+15,이 구역 청소왕 17,Cleaning King of This Area 17
MissionName97000918,,4.8417E+15,이 구역 청소왕 18,Cleaning King of This Area 18
MissionName97000919,,4.8417E+15,이 구역 청소왕 19,Cleaning King of This Area 19
MissionName97000920,,4.8417E+15,이 구역 청소왕 20,Cleaning King of This Area 20
MissionDesc9700101,,4.8417E+15,음식을 50회 판매하세요,Sell food 50 times
MissionDesc9700102,,4.8417E+15,음식을 100회 판매하세요,Sell food 100 times
MissionDesc9700103,,4.8417E+15,음식을 200회 판매하세요,Sell food 200 times
MissionDesc9700104,,4.8417E+15,음식을 400회 판매하세요,Sell food 400 times
MissionDesc9700105,,4.8417E+15,음식을 800회  판매하세요,Sell food 800 times
MissionDesc9700106,,4.8417E+15,음식을 1600회 판매하세요,Sell food 1600 times
MissionDesc9700107,,4.8417E+15,음식을 2400회 판매하세요,Sell food 2400 times
MissionDesc9700108,,4.8417E+15,음식을 3200회 판매하세요,Sell food 3200 times
MissionDesc9700109,,4.8417E+15,음식을 4000회 판매하세요,Sell food 4000 times
MissionDesc9700110,,4.8417E+15,음식을 4800회 판매하세요,Sell food 4800 times
MissionDesc9700111,,4.8417E+15,음식을 5600회 판매하세요,Sell food 5600 times
MissionDesc9700112,,4.8417E+15,음식을 6400회 판매하세요,Sell food 6400 times
MissionDesc9700113,,4.8417E+15,음식을 7200회 판매하세요,Sell food 7200 times
MissionDesc9700114,,4.8417E+15,음식을 8000회 판매하세요,Sell food 8000 times
MissionDesc9700115,,4.8417E+15,음식을 8800회 판매하세요,Sell food 8800 times
MissionDesc9700116,,4.8417E+15,음식을 9600회 판매하세요,Sell food 9600 times
MissionDesc9700117,,4.8417E+15,음식을 10400회 판매하세요,Sell food 10400 times
MissionDesc9700118,,4.8417E+15,음식을 11200회 판매하세요,Sell food 11200 times
MissionDesc9700119,,4.8417E+15,음식을 12000회 판매하세요,Sell food 12000 times
MissionDesc9700120,,4.8417E+15,음식을 12800회 판매하세요,Sell food 12800 times
MissionDesc9700201,,4.8417E+15,돈을 10000원 획득하세요,Earn 10000 won
MissionDesc9700202,,4.8417E+15,돈을 20000원 획득하세요,Earn 20000 won
MissionDesc9700203,,4.8417E+15,돈을 40000원 획득하세요,Earn 40000 won
MissionDesc9700204,,4.8417E+15,돈을 80000원 획득하세요,Earn 80000 won
MissionDesc9700205,,4.8417E+15,돈을 160000원 획득하세요,Earn 160000 won
MissionDesc9700206,,4.8417E+15,돈을 320000원 획득하세요,Earn 320000 won
MissionDesc9700207,,4.8417E+15,돈을 640000원 획득하세요,Earn 640000 won
MissionDesc9700208,,4.8417E+15,돈을 960000원 획득하세요,Earn 960000 won
MissionDesc9700209,,4.8417E+15,돈을 1280000원 획득하세요,Earn 1280000 won
MissionDesc9700210,,4.8417E+15,돈을 1600000원 획득하세요,Earn 1600000 won
MissionDesc9700211,,4.8417E+15,돈을 1920000원 획득하세요,Earn 1920000 won
MissionDesc9700212,,4.8417E+15,돈을 2240000원 획득하세요,Earn 2240000 won
MissionDesc9700213,,4.8417E+15,돈을 2560000원 획득하세요,Earn 2560000 won
MissionDesc9700214,,4.8417E+15,돈을 2880000원 획득하세요,Earn 2880000 won
MissionDesc9700215,,4.8417E+15,돈을 3200000원 획득하세요,Earn 3200000 won
MissionDesc9700216,,4.8417E+15,돈을 3520000원 획득하세요,Earn 3520000 won
MissionDesc9700217,,4.8417E+15,돈을 3840000원 획득하세요,Earn 3840000 won
MissionDesc9700218,,4.8417E+15,돈을 4160000원 획득하세요,Earn 4160000 won
MissionDesc9700219,,4.8417E+15,돈을 4480000원 획득하세요,Earn 4480000 won
MissionDesc9700220,,4.8417E+15,돈을 4800000원 획득하세요,Earn 4800000 won
MissionDesc9700301,,4.8417E+15,아무 홍보 5회 홍보하기,Do any promotion 5 times
MissionDesc9700302,,4.8417E+15,아무 홍보 15회  홍보하기,Do any promotion 15 times
MissionDesc9700303,,4.8417E+15,아무 홍보 30회 홍보하기,Do any promotion 30 times
MissionDesc9700304,,4.8417E+15,아무 홍보 60회 홍보하기,Do any promotion 60 times
MissionDesc9700305,,4.8417E+15,아무 홍보 120회 홍보하기,Do any promotion 120 times
MissionDesc9700306,,4.8417E+15,아무 홍보 240회 홍보하기,Do any promotion 240 times
MissionDesc9700307,,4.8417E+15,아무 홍보 480회 홍보하기,Do any promotion 480 times
MissionDesc9700308,,4.8417E+15,아무 홍보 960회 홍보하기,Do any promotion 960 times
MissionDesc9700309,,4.8417E+15,아무 홍보 1440회 홍보하기,Do any promotion 1440 times
MissionDesc9700310,,4.8417E+15,아무 홍보 1920회 홍보하기,Do any promotion 1920 times
MissionDesc9700311,,4.8417E+15,아무 홍보 2400회 홍보하기,Do any promotion 2400 times
MissionDesc9700312,,4.8417E+15,아무 홍보 2880회 홍보하기,Do any promotion 2880 times
MissionDesc9700313,,4.8417E+15,아무 홍보 3360회 홍보하기,Do any promotion 3360 times
MissionDesc9700314,,4.8417E+15,아무 홍보 3840회 홍보하기,Do any promotion 3840 times
MissionDesc9700315,,4.8417E+15,아무 홍보 4320회 홍보하기,Do any promotion 4320 times
MissionDesc9700316,,4.8417E+15,아무 홍보 4800회 홍보하기,Do any promotion 4800 times
MissionDesc9700317,,4.8417E+15,아무 홍보 5280회 홍보하기,Do any promotion 5280 times
MissionDesc9700318,,4.8417E+15,아무 홍보 5760회 홍보하기,Do any promotion 5760 times
MissionDesc9700319,,4.8417E+15,아무 홍보 6240회 홍보하기,Do any promotion 6240 times
MissionDesc9700320,,4.8417E+15,아무 홍보 6720회 홍보하기,Do any promotion 6720 times
MissionDesc9700401,,4.8417E+15,단골 손님이 결제 시 팁을 1회 주기,Receive tip from regular customer 1 times
MissionDesc9700402,,4.8417E+15,단골 손님이 결제 시 팁을 5회 주기,Receive tip from regular customer 5 times
MissionDesc9700403,,4.8417E+15,단골 손님이 결제 시 팁을 10회 주기,Receive tip from regular customer 10 times
MissionDesc9700404,,4.8417E+15,단골 손님이 결제 시 팁을 20회 주기,Receive tip from regular customer 20 times
MissionDesc9700405,,4.8417E+15,단골 손님이 결제 시 팁을 40회 주기,Receive tip from regular customer 40 times
MissionDesc9700406,,4.8417E+15,단골 손님이 결제 시 팁을 80회 주기,Receive tip from regular customer 80 times
MissionDesc9700407,,4.8417E+15,단골 손님이 결제 시 팁을 160회 주기,Receive tip from regular customer 160 times
MissionDesc9700408,,4.8417E+15,단골 손님이 결제 시 팁을 240회 주기,Receive tip from regular customer 240 times
MissionDesc9700409,,4.8417E+15,단골 손님이 결제 시 팁을 320회 주기,Receive tip from regular customer 320 times
MissionDesc9700410,,4.8417E+15,단골 손님이 결제 시 팁을 400회 주기,Receive tip from regular customer 400 times
MissionDesc9700411,,4.8417E+15,단골 손님이 결제 시 팁을 480회 주기,Receive tip from regular customer 480 times
MissionDesc9700412,,4.8417E+15,단골 손님이 결제 시 팁을 560회 주기,Receive tip from regular customer 560 times
MissionDesc9700413,,4.8417E+15,단골 손님이 결제 시 팁을 640회 주기,Receive tip from regular customer 640 times
MissionDesc9700414,,4.8417E+15,단골 손님이 결제 시 팁을 720회 주기,Receive tip from regular customer 720 times
MissionDesc9700415,,4.8417E+15,단골 손님이 결제 시 팁을 800회 주기,Receive tip from regular customer 800 times
MissionDesc9700416,,4.8417E+15,단골 손님이 결제 시 팁을 880회 주기,Receive tip from regular customer 880 times
MissionDesc9700417,,4.8417E+15,단골 손님이 결제 시 팁을 960회 주기,Receive tip from regular customer 960 times
MissionDesc9700418,,4.8417E+15,단골 손님이 결제 시 팁을 1040회 주기,Receive tip from regular customer 1040 times
MissionDesc9700419,,4.8417E+15,단골 손님이 결제 시 팁을 1120회 주기,Receive tip from regular customer 1120 times
MissionDesc9700420,,4.8417E+15,단골 손님이 결제 시 팁을 1200회 주기,Receive tip from regular customer 1200 times
MissionDesc9700501,,4.8417E+15,인플루언서가 매우 만족을 1회 띄우기,Influencer achieves 'Very Satisfied' 1 times
MissionDesc9700502,,4.8417E+15,인플루언서가 매우 만족을 3회 띄우기,Influencer achieves 'Very Satisfied' 3 times
MissionDesc9700503,,4.8417E+15,인플루언서가 매우 만족을 5회 띄우기,Influencer achieves 'Very Satisfied' 5 times
MissionDesc9700504,,4.8417E+15,인플루언서가 매우 만족을 10회 띄우기,Influencer achieves 'Very Satisfied' 10 times
MissionDesc9700505,,4.8417E+15,인플루언서가 매우 만족을 15회 띄우기,Influencer achieves 'Very Satisfied' 15 times
MissionDesc9700506,,4.8417E+15,인플루언서가 매우 만족을 30회 띄우기,Influencer achieves 'Very Satisfied' 30 times
MissionDesc9700507,,4.8417E+15,인플루언서가 매우 만족을 45회 띄우기,Influencer achieves 'Very Satisfied' 45 times
MissionDesc9700508,,4.8417E+15,인플루언서가 매우 만족을 60회 띄우기,Influencer achieves 'Very Satisfied' 60 times
MissionDesc9700509,,4.8417E+15,인플루언서가 매우 만족을 75회 띄우기,Influencer achieves 'Very Satisfied' 75 times
MissionDesc9700510,,4.8417E+15,인플루언서가 매우 만족을 90회 띄우기,Influencer achieves 'Very Satisfied' 90 times
MissionDesc9700511,,4.8417E+15,인플루언서가 매우 만족을 105회 띄우기,Influencer achieves 'Very Satisfied' 105 times
MissionDesc9700512,,4.8417E+15,인플루언서가 매우 만족을 120회 띄우기,Influencer achieves 'Very Satisfied' 120 times
MissionDesc9700513,,4.8417E+15,인플루언서가 매우 만족을 135회 띄우기,Influencer achieves 'Very Satisfied' 135 times
MissionDesc9700514,,4.8417E+15,인플루언서가 매우 만족을 150회 띄우기,Influencer achieves 'Very Satisfied' 150 times
MissionDesc9700515,,4.8417E+15,인플루언서가 매우 만족을 165회 띄우기,Influencer achieves 'Very Satisfied' 165 times
MissionDesc9700516,,4.8417E+15,인플루언서가 매우 만족을 180회 띄우기,Influencer achieves 'Very Satisfied' 180 times
MissionDesc9700517,,4.8417E+15,인플루언서가 매우 만족을 195회 띄우기,Influencer achieves 'Very Satisfied' 195 times
MissionDesc9700518,,4.8417E+15,인플루언서가 매우 만족을 210회 띄우기,Influencer achieves 'Very Satisfied' 210 times
MissionDesc9700519,,4.8417E+15,인플루언서가 매우 만족을 225회 띄우기,Influencer achieves 'Very Satisfied' 225 times
MissionDesc9700520,,4.8417E+15,인플루언서가 매우 만족을 240회 띄우기,Influencer achieves 'Very Satisfied' 240 times
MissionDesc9700601,,4.8417E+15,진상손님이 매우 만족을 1회 띄우기,Difficult customer achieves 'Very Satisfied' 1 times
MissionDesc9700602,,4.8417E+15,진상손님이 매우 만족을 3회 띄우기,Difficult customer achieves 'Very Satisfied' 3 times
MissionDesc9700603,,4.8417E+15,진상손님이 매우 만족을 5회 띄우기,Difficult customer achieves 'Very Satisfied' 5 times
MissionDesc9700604,,4.8417E+15,진상손님이 매우 만족을 10회 띄우기,Difficult customer achieves 'Very Satisfied' 10 times
MissionDesc9700605,,4.8417E+15,진상손님이 매우 만족을 15회 띄우기,Difficult customer achieves 'Very Satisfied' 15 times
MissionDesc9700606,,4.8417E+15,진상손님이 매우 만족을 30회 띄우기,Difficult customer achieves 'Very Satisfied' 30 times
MissionDesc9700607,,4.8417E+15,진상손님이 매우 만족을 45회 띄우기,Difficult customer achieves 'Very Satisfied' 45 times
MissionDesc9700608,,4.8417E+15,진상손님이 매우 만족을 60회 띄우기,Difficult customer achieves 'Very Satisfied' 60 times
MissionDesc9700609,,4.8417E+15,진상손님이 매우 만족을 75회 띄우기,Difficult customer achieves 'Very Satisfied' 75 times
MissionDesc9700610,,4.8417E+15,진상손님이 매우 만족을 90회 띄우기,Difficult customer achieves 'Very Satisfied' 90 times
MissionDesc9700611,,4.8417E+15,진상손님이 매우 만족을 105회 띄우기,Difficult customer achieves 'Very Satisfied' 105 times
MissionDesc9700612,,4.8417E+15,진상손님이 매우 만족을 120회 띄우기,Difficult customer achieves 'Very Satisfied' 120 times
MissionDesc9700613,,4.8417E+15,진상손님이 매우 만족을 135회 띄우기,Difficult customer achieves 'Very Satisfied' 135 times
MissionDesc9700614,,4.8417E+15,진상손님이 매우 만족을 150회 띄우기,Difficult customer achieves 'Very Satisfied' 150 times
MissionDesc9700615,,4.8417E+15,진상손님이 매우 만족을 165회 띄우기,Difficult customer achieves 'Very Satisfied' 165 times
MissionDesc9700616,,4.8417E+15,진상손님이 매우 만족을 180회 띄우기,Difficult customer achieves 'Very Satisfied' 180 times
MissionDesc9700617,,4.8417E+15,진상손님이 매우 만족을 195회 띄우기,Difficult customer achieves 'Very Satisfied' 195 times
MissionDesc9700618,,4.8417E+15,진상손님이 매우 만족을 210회 띄우기,Difficult customer achieves 'Very Satisfied' 210 times
MissionDesc9700619,,4.8417E+15,진상손님이 매우 만족을 225회 띄우기,Difficult customer achieves 'Very Satisfied' 225 times
MissionDesc9700620,,4.8417E+15,진상손님이 매우 만족을 240회 띄우기,Difficult customer achieves 'Very Satisfied' 240 times
MissionDesc9700701,,4.8417E+15,부정적 리뷰 1회 제거하기,Remove negative review 1 times
MissionDesc9700702,,4.8417E+15,부정적 리뷰 5회 제거하기,Remove negative review 5 times
MissionDesc9700703,,4.8417E+15,부정적 리뷰 10회 제거하기,Remove negative review 10 times
MissionDesc9700704,,4.8417E+15,부정적 리뷰 20회 제거하기,Remove negative review 20 times
MissionDesc9700705,,4.8417E+15,부정적 리뷰 40회 제거하기,Remove negative review 40 times
MissionDesc9700706,,4.8417E+15,부정적 리뷰 80회 제거하기,Remove negative review 80 times
MissionDesc9700707,,4.8417E+15,부정적 리뷰 120회 제거하기,Remove negative review 120 times
MissionDesc9700708,,4.8417E+15,부정적 리뷰 160회 제거하기,Remove negative review 160 times
MissionDesc9700709,,4.8417E+15,부정적 리뷰 200회 제거하기,Remove negative review 200 times
MissionDesc9700710,,4.8417E+15,부정적 리뷰 240회 제거하기,Remove negative review 240 times
MissionDesc9700711,,4.8417E+15,부정적 리뷰 280회 제거하기,Remove negative review 280 times
MissionDesc9700712,,4.8417E+15,부정적 리뷰 320회 제거하기,Remove negative review 320 times
MissionDesc9700713,,4.8417E+15,부정적 리뷰 360회 제거하기,Remove negative review 360 times
MissionDesc9700714,,4.8417E+15,부정적 리뷰 400회 제거하기,Remove negative review 400 times
MissionDesc9700715,,4.8417E+15,부정적 리뷰 440회 제거하기,Remove negative review 440 times
MissionDesc9700716,,4.8417E+15,부정적 리뷰 480회 제거하기,Remove negative review 480 times
MissionDesc9700717,,4.8417E+15,부정적 리뷰 520회 제거하기,Remove negative review 520 times
MissionDesc9700718,,4.8417E+15,부정적 리뷰 560회 제거하기,Remove negative review 560 times
MissionDesc9700719,,4.8417E+15,부정적 리뷰 600회 제거하기,Remove negative review 600 times
MissionDesc9700720,,4.8417E+15,부정적 리뷰 640회 제거하기,Remove negative review 640 times
MissionDesc9700801,,4.8417E+15,긍정적 리뷰 1회 받기,Receive positive review 1 times
MissionDesc9700802,,4.8417E+15,긍정적 리뷰 5회 받기,Receive positive review 5 times
MissionDesc9700803,,4.8417E+15,긍정적 리뷰 10회 받기,Receive positive review 10 times
MissionDesc9700804,,4.8417E+15,긍정적 리뷰 20회 받기,Receive positive review 20 times
MissionDesc9700805,,4.8417E+15,긍정적 리뷰 40회 받기,Receive positive review 40 times
MissionDesc9700806,,4.8417E+15,긍정적 리뷰 80회 받기,Receive positive review 80 times
MissionDesc9700807,,4.8417E+15,긍정적 리뷰 120회 받기,Receive positive review 120 times
MissionDesc9700808,,4.8417E+15,긍정적 리뷰 160회 받기,Receive positive review 160 times
MissionDesc9700809,,4.8417E+15,긍정적 리뷰 200회 받기,Receive positive review 200 times
MissionDesc9700810,,4.8417E+15,긍정적 리뷰 240회 받기,Receive positive review 240 times
MissionDesc9700811,,4.8417E+15,긍정적 리뷰 280회 받기,Receive positive review 280 times
MissionDesc9700812,,4.8417E+15,긍정적 리뷰 320회 받기,Receive positive review 320 times
MissionDesc9700813,,4.8417E+15,긍정적 리뷰 360회 받기,Receive positive review 360 times
MissionDesc9700814,,4.8417E+15,긍정적 리뷰 400회 받기,Receive positive review 400 times
MissionDesc9700815,,4.8417E+15,긍정적 리뷰 440회 받기,Receive positive review 440 times
MissionDesc9700816,,4.8417E+15,긍정적 리뷰 480회 받기,Receive positive review 480 times
MissionDesc9700817,,4.8417E+15,긍정적 리뷰 520회 받기,Receive positive review 520 times
MissionDesc9700818,,4.8417E+15,긍정적 리뷰 560회 받기,Receive positive review 560 times
MissionDesc9700819,,4.8417E+15,긍정적 리뷰 600회 받기,Receive positive review 600 times
MissionDesc9700820,,4.8417E+15,긍정적 리뷰 640회 받기,Receive positive review 640 times
MissionDesc9700901,,4.8417E+15,플레이어가 쓰레기 10회 줍기,Player picks up trash 10 times
MissionDesc9700902,,4.8417E+15,플레이어가 쓰레기 30회 줍기,Player picks up trash 30 times
MissionDesc9700903,,4.8417E+15,플레이어가 쓰레기 50회 줍기,Player picks up trash 50 times
MissionDesc9700904,,4.8417E+15,플레이어가 쓰레기 100회 줍기,Player picks up trash 100 times
MissionDesc9700905,,4.8417E+15,플레이어가 쓰레기 200회 줍기,Player picks up trash 200 times
MissionDesc9700906,,4.8417E+15,플레이어가 쓰레기 300회 줍기,Player picks up trash 300 times
MissionDesc9700907,,4.8417E+15,플레이어가 쓰레기 500회 줍기,Player picks up trash 500 times
MissionDesc9700908,,4.8417E+15,플레이어가 쓰레기 1000회 줍기,Player picks up trash 1000 times
MissionDesc9700909,,4.8417E+15,플레이어가 쓰레기 1500회 줍기,Player picks up trash 1500 times
MissionDesc9700910,,4.8417E+15,플레이어가 쓰레기 2000회 줍기,Player picks up trash 2000 times
MissionDesc9700911,,4.8417E+15,플레이어가 쓰레기 2500회 줍기,Player picks up trash 2500 times
MissionDesc9700912,,4.8417E+15,플레이어가 쓰레기 3000회 줍기,Player picks up trash 3000 times
MissionDesc9700913,,4.8417E+15,플레이어가 쓰레기 3500회 줍기,Player picks up trash 3500 times
MissionDesc9700914,,4.8417E+15,플레이어가 쓰레기 4000회 줍기,Player picks up trash 4000 times
MissionDesc9700915,,4.8417E+15,플레이어가 쓰레기 4500회 줍기,Player picks up trash 4500 times
MissionDesc9700916,,4.8417E+15,플레이어가 쓰레기 5000회 줍기,Player picks up trash 5000 times
MissionDesc9700917,,4.8417E+15,플레이어가 쓰레기 5500회 줍기,Player picks up trash 5500 times
MissionDesc9700918,,4.8417E+15,플레이어가 쓰레기 6000회 줍기,Player picks up trash 6000 times
MissionDesc9700919,,4.8417E+15,플레이어가 쓰레기 6500회 줍기,Player picks up trash 6500 times
MissionDesc9700920,,4.8417E+15,플레이어가 쓰레기 7000회 줍기,Player picks up trash 7000 times
Promotion950101Name,,5.10183E+15,SNS 홍보,Social Media Post
Promotion950101Description,,5.10183E+15,손님 유입 속도 증가,Faster Guest Flow
Promotion950201Name,,5.10183E+15,아이튜브 광고,YouTube Ads
Promotion950201Description,,5.10183E+15,손님 유입 속도 대폭 증가,Rapid Guest Flow
Promotion950301Name,,5.10183E+15,맛집 프로그램 출연,TV Food Show
Promotion950301Description,,5.10165E+15,직원 작업속도 및 이동속도 증가,Staff Speed Boost
Promotion950401Name,,5.10165E+15,스타셰프 초청,Star Chef Visit
Promotion950401Description,,5.10165E+15,두명 손님 등장 확률 증가,Double Guest Chance
Buff990100Name,,5.14365E+15,홍보의 달인,Social Media Master
Buff990100Description,,5.14365E+15,손님의 유입속도가 +50.0% 만큼 상승,Guest influx +50% faster
Buff990101Name,,5.14365E+15,입소문 폭발,Viral Explosion
Buff990101Description,,5.14365E+15,손님의 유입속도가 +75.0% 만큼 상승,Guest influx +75% faster
Buff990200Name,,5.14365E+15,속전 속결,Swift Hands
Buff990200Description,,5.14365E+15,직원의 작업 속도가 +50.0% 만큼 상승,Work speed +50%
Buff990300Name,,5.14365E+15,빠릿 빠릿,Quick Step Mode
Buff990300Description,,5.14365E+15,직원의 이동 속도가 +50.0% 만큼 상승,Staff move faster +50%
Buff990400Name,,5.14365E+15,핫플레이스,Hotspot
Buff990400Description,,5.14365E+15,2명 손님이 등장할 확률 증가,Increased chance of 2 customers appearing
Buff990500Name,,5.14365E+15,시간 도둑,Time Thief
Buff990500Description,,5.14365E+15,만족도 타이머 시간 50% 지연,Slows down the satisfaction timer by 50%
ManageStore,,6.55025E+15,매장 관리,Manage Store
0201001servingdelay,,왜 안 와요?,Where is it?,
1201001servingdelay,,배고파요~,So hungry~,
0201001paidverygood,,완전 맛있다!,So tasty!,
1201001paidverygood,,맛있었어요~,Yummy!,
0201001bad,,너무 늦었어요,Too late...,
1201001bad,,다음엔 빨리!,Next time fast,
0201002servingdelay,,조금 늦네요,Bit slow,
1201002servingdelay,,천천히 주세요,Take your time,
0201002paidverygood,,잘 먹었습니다,Great meal!,
1201002paidverygood,,감사합니다,Thanks!,
0201002bad,,다신 안 와요,No comeback,
1201002bad,,서비스 별로네,Not great,
0201003servingdelay,,비주얼 기대중,Looks good!,
1201003servingdelay,,조금 지치네,Bit tired,
0201003paidverygood,,감성 좋고 맛 좋고~,Pretty nice,
1201003paidverygood,,예쁘고 맛있다,Cute & Yummy,
0201003bad,,기분 상했어요,Kinda upset,
1201003bad,,좀 아쉬워요,A bit sad,
0201004servingdelay,,혹시 아직…?,Still not yet?,
1201004servingdelay,,아직도..?,Still…?,
0201004paidverygood,,맛있었어요,Yummy!,
1201004paidverygood,,감사했어요,Appreciate it,
0201004bad,,늦었지만 괜찮아요,It’s okay~,
1201004bad,,너무해요..,Too harsh,
0201005servingdelay,,괜찮아요~,No prob~,
1201005servingdelay,,많이 바쁘시죠?,"Busy, huh?",
0201005paidverygood,,정말 감사해요,So thankful!,
1201005paidverygood,,잘 먹었습니다,Great meal!,
0201005bad,,다음엔 더 빨리요,Next time fast,
1201005bad,,괜찮아요~,It’s fine~,
0201006servingdelay,,언제 나와요?,When’s it?,
1201006servingdelay,,기다리기 귀찮아,So annoying,
0201006paidverygood,,잘 먹었어요,Good food!,
1201006paidverygood,,맛있네요,Tasty~,
0201006bad,,시간 낭비…,Wasted time,
1201006bad,,좀 실망,Bit off,
0201007servingdelay,,음식 왜 안 와요?,Where’s food?,
1201007servingdelay,,서둘러요!,Hurry now!,
0201007paidverygood,,시간 딱 맞췄다,Right on time,
1201007paidverygood,,고마워요!,Thank you,
0201007bad,,늦었어요!,Too slow!,
1201007bad,,다음엔 빨리!,Faster next,
0201008servingdelay,,조리가 잘 됐을까?,Cooked right?,
1201008servingdelay,,맛 균형 중요한데..,Flavor ,
0201008paidverygood,,괜찮았어요,Not bad,
1201008paidverygood,,다시 올게요,Come again,
0201008bad,,기대 이하에요,Below avg,
1201008bad,,식감이 별로네요,Odd texture,
0201009servingdelay,,"음식, 늦는다?",Late again?,
1201009servingdelay,,언제?,When?,
0201009paidverygood,,"맛있다, 고맙다","Tasty, thx",
1201009paidverygood,,"다음, 또 온다",Back again,
0201009bad,,기분 상했다,I’m hurt,
1201009bad,,실망이다,So bad,
0201010servingdelay,,아직이죠?,Still out?,
1201010servingdelay,,늦었나…,Late again?,
0201010paidverygood,,음… 맛있네?,Mmm… tasty?,
1201010paidverygood,,잘 먹긴 했네,Pretty fine,
0201010bad,,기대 이하네,Less than good,
1201010bad,,실망…,Too bad…,
0201011servingdelay,,기다릴게요,Will wait!,
1201011servingdelay,,괜찮아요~,It’s fine~,
0201011paidverygood,,좋았어요~,Nice meal!,
1201011paidverygood,,만족합니다,So pleased,
0201011bad,,조금 아쉬워요,Not perfect,
1201011bad,,더 빨랐으면~,Bit faster~,
0201012servingdelay,,왜 이리 늦어요?,Why so late?,
1201012servingdelay,,이건 좀 아니죠,This ain’t it,
0201012paidverygood,,맛은 좋네요,Taste is fine,
1201012paidverygood,,괜찮긴 하네,Sort of ok,
0201012bad,,좀 너무 하네요,Too much,
1201012bad,,이러면 곤란해요,This is bad,
0201013servingdelay,,배고프다~,So hungry~,
1201013servingdelay,,웃음기 빠져요~,No smile~,
0201013paidverygood,,행복해요!,I'm happy!,
1201013paidverygood,,입 즐거워~,Yum & joy,
0201013bad,,농담 그만~,No more joke,
1201013bad,,슬퍼도 웃어~,Sad but smile,
0201101servingdelay,,기다릴게요,I'll wait~,
1201101servingdelay,,바쁘죠 이해해요,I get it!,
0201101paidverygood,,잘 먹었어요,Tasted great,
1201101paidverygood,,또 올게요~,I'll be back!,
0201101bad,,좀 늦었네요,Bit late...,
1201101bad,,그래도 고생했어요,Thanks anyway,
0201102servingdelay,,배고픈데 흠!!,So hungry!,
1201102servingdelay,,아직 멀었나?,Not yet?,
0201102paidverygood,,맛은 있었소!,Tasted fine,
1201102paidverygood,,루틴대로 식사!,Just routine,
0201102bad,,기대했는데,Was hoping more,
1201102bad,,실망했소,What a shame,
0201201servingdelay,,다들 바쁜가보군,Looks busy...,
1201201servingdelay,,무난했습니다,It was fine,
0201201paidverygood,,맛 괜찮군요,Pretty good,
1201201paidverygood,,너무 기다렸어요,Waited too long,
0201201bad,,아쉬움이 남네요,Still lacking,
1201201bad,,준비되면 주세요,Let me know,
0201202servingdelay,,오늘 좀 밀리네요?,Bit delayed?,
1201202servingdelay,,배가 꼬르륵~,My tummy growls,
0201202paidverygood,,맛 인정이죠~,Approved!,
1201202paidverygood,,이거야!,This is it!,
0201202bad,,속도가 아쉬워요,Too slow...,
1201202bad,,늦었지만 봐드려요!,I’ll let it go,
0201301servingdelay,,기대감 끊기지 않길,Keep the mood!,
1201301servingdelay,,기다림의 미학...,Art of waiting,
0201301paidverygood,,아름다운 조화!,Nice combo!,
1201301paidverygood,,여운이 남네요,Loved it!,
0201301bad,,감동 부족해…,No emotion,
1201301bad,,완성도 아쉬네,Could be better,
0201302servingdelay,,조금 늦네요,Little delay,
1201302servingdelay,,사정 있겠죠,Stuff happens,
0201302paidverygood,,훌륭합니다!,Well done!,
1201302paidverygood,,만족스럽군요,I'm pleased,
0201302bad,,약간 아쉬워요,A bit bland,
1201302bad,,다음엔 나아지길,Hope next time,
0201401order,,무드 좋다…,Nice vibes,
1201401order,,오늘 피드는 여기!,Feed of the day,
0201401servingdelay,,텐션 끊기면 안돼,Don’t lose pace,
1201401servingdelay,,타이밍 중요해요,Timing counts,
0201401paidverygood,,사진 저장할게요!,Saved the shot!,
1201401paidverygood,,너무 예뻐요~,So pretty~,
0201401bad,,무드 깨졌어요,Mood broke..,
1201401bad,,피드 못 써요,No feed now,
0201501order,,먹방 각이에요!,Time to film!,
1201501order,,리뷰 기대해요!,Review time!,
0201501servingdelay,,구독자 분들~,"Hey, subs!",
1201501servingdelay,,이러면 곤란해요~,This ain't it,
0201501paidverygood,,컨텐츠 확보!,Content saved!,
1201501paidverygood,,대박!,Huge hit!,
0201501bad,,편집 불가 ㅠ,Can’t edit,
1201501bad,,반응이 걱정…,Viewers worry..,
0201502order,,조명 구도 굿,Lighting good,
1201502order,,컬러 톤 좋네요,Color looks nice,
0201502servingdelay,,컷 안 맞음!,Bad angle,
1201502servingdelay,,흐름 깨지네요,Lost the flow,
0201502paidverygood,,구성 매끄럽네요,Nice layout,
1201502paidverygood,,방송국에 보낼게요,I’ll send it!,
0201502bad,,템포 아쉬워요,Tempo off,
1201502bad,,편집 잘 될까?,Will this cut?,
0201503order,,기대 안 해요,No hopes..,
1201503order,,놀라게 해봐요,Impress me!,
0201503servingdelay,,이 속도는 별로야,This is slow,
1201503servingdelay,,서비스 별로군,Bad service,
0201503paidverygood,,인정합니다,Agreed!,
1201503paidverygood,,완성도 높네요,Top class!,
0201503bad,,맛은 좋지만..,Good but slow,
1201503bad,,이런 식은 안돼요,This won’t do,
0201601order,,"야, 빨리 줘",Hurry up!,
1201601order,,대충하면 혼나,Sloppy work!,
0201601servingdelay,,왜 안 나와?,Where is it?,
1201601servingdelay,,언제 줄 건데,When is it?,
0201601paidverygood,,그럭저럭이다,So So,
1201601paidverygood,,다음엔 똑바로 해,Do better!,
0201601bad,,짜증 나네,Annoying!,
1201601bad,,다신 안 와,I'm done!,
0202001servingdelay,,배고파요,So hungry~,
1202001servingdelay,,언제 나와요?,When’s it here?,
0202001paidverygood,,맛있어요!,Tastes good!,
1202001paidverygood,,최고예요!,It’s the best!,
0202001bad,,아쉬워요,Bit off...,
1202001bad,,좀 별로예요,Not great...,
0202002servingdelay,,늦네요,Kinda late.,
1202002servingdelay,,지연됐네요,It got delayed,
0202002paidverygood,,좋았어요,Great meal,
1202002paidverygood,,감사합니다,Thanks!,
0202002bad,,기대 이하군요,Less than hoped,
1202002bad,,서비스 아쉬워요,Service meh...,
0202003servingdelay,,기다림도 예술?,Waiting is art?,
1202003servingdelay,,시간 멈춘 듯,Time has stopped?,
0202003paidverygood,,감성 충전 완료,Feels deep~,
1202003paidverygood,,여운 남네요,It lingers~,
0202003bad,,감동 없었어요,No impact..,
1202003bad,,마무리 아쉬워요,Weak ending,
0202004servingdelay,,잊으신 건 아니죠?,You forgot me?,
1202004servingdelay,,조금 더 기다릴게요.,I’ll wait more,
0202004paidverygood,,맛있었어요~,Enjoyed it!,
1202004paidverygood,,단골 될래요.,My new spot,
0202004bad,,괜찮지만 아쉬워요.,Good but off,
1202004bad,,다음엔 더 잘해요,Next time better,
0202005servingdelay,,늦어도 괜찮아요~,Late is okay,
1202005servingdelay,,천천히 괜찮아요~,Take your time,
0202005paidverygood,,대접받는 느낌~,Felt special,
1202005paidverygood,,즐거운 식사!,Fun meal!,
0202005bad,,별로였어요~,Not great,
1202005bad,,아쉬운 맛이에요~,Lack of taste,
0202006servingdelay,,오래 걸리나요?,Will it take long?,
1202006servingdelay,,배고픈데 귀찮아~,Hangry now,
0202006paidverygood,,복잡한 건 싫어요,No fuss plz,
1202006paidverygood,,간단하게 해줘요,Keep it easy,
0202006bad,,다시 오긴 싫다~,Won’t come back,
1202006bad,,그냥 그래요~,It’s okay,
0202007servingdelay,,시간 촉박해요,In a hurry,
1202007servingdelay,,지각하겠어요!,Running late!,
0202007paidverygood,,최대한 빨리요!,Fast as poss,
1202007paidverygood,,서둘러주세요!,Hurry please,
0202007bad,,서빙 느려요,Too slow,
1202007bad,,시간 아깝네요,Wasted time,
0202008servingdelay,,타이밍 중요!,Timing key,
1202008servingdelay,,예정보다 늦음,Slight delay,
0202008paidverygood,,시도는 좋았어요,Nice try,
1202008paidverygood,,제 취향은 아녜요,Not my taste,
0202008bad,,퀄리티 아쉬워요,Lack quality,
1202008bad,,기준 미달이에요,Below par,
0202009servingdelay,,늦어,Late,
1202009servingdelay,,지연,Delayed,
0202009paidverygood,,응,Yup,
1202009paidverygood,,아니,Nope,
0202009bad,,별로,Meh,
1202009bad,,실망,Letdown,
0202010servingdelay,,아직인가요?,Still out?,
1202010servingdelay,,언제쯤…,When’s it up?,
0202010paidverygood,,정신 번쩍!,Shocked!,
1202010paidverygood,,맛있네요,Tastes good,
0202010bad,,기억 안 나요,Can’t recall,
1202010bad,,뭐였더라…,What was it?,
0202011servingdelay,,여유롭게 기다릴게요,Waiting’s fine,
1202011servingdelay,,느긋해요~,I’m chill~,
0202011paidverygood,,차분해져요,So calm~,
1202011paidverygood,,편안하네요,So cozy~,
0202011bad,,기대보단 별로,Not as hoped,
1202011bad,,조금 아쉬워요~,Bit lacking,
0202012servingdelay,,왜 이리 늦죠?,Why so slow?,
1202012servingdelay,,이건 아니죠,This is bad,
0202012paidverygood,,맛 괜찮아요,Tastes okay,
1202012paidverygood,,생각보단 좋아요,Surprised me,
0202012bad,,그저 그래요,Kinda mid,
1202012bad,,기대했는데 실망,Quite a letdown,
0202013servingdelay,,음식 어디갔죠?,Where’s food?,
1202013servingdelay,,기다리다 농담 나와요~,Tired of wait,
0202013paidverygood,,조합 좋다!,Nice match!,
1202013paidverygood,,맛에 유머~,Humor in taste,
0202013bad,,리뷰감은 아님,Not for review,
1202013bad,,유머도 안 나와,No laughs left,
0202101servingdelay,,조금 늦네요~,Bit delayed~,
1202101servingdelay,,익숙해져야죠,Getting used~,
0202101paidverygood,,기대하고 왔어요,I expected more,
1202101paidverygood,,믿고 옵니다,I trust you,
0202101bad,,아쉬웠어요,Bit lacking,
1202101bad,,다음엔 기대할게요,"Next time, hope",
0202102servingdelay,,이 속도면 별로,Too slow...,
1202102servingdelay,,배고프다고!,So hungry!,
0202102paidverygood,,최고였어요!,The best!,
1202102paidverygood,,잘 먹었어요~,Well eaten!,
0202102bad,,이번엔 별로였네,Not so great,
1202102bad,,다음엔 잘해봅시다,Let’s do better,
0202201servingdelay,,계획에 차질이 생기겠군,Off schedule...,
1202201servingdelay,,시간 배분이 아쉽군요,Timing off,
0202201paidverygood,,일정대로 움직이겠군,Running on plan,
1202201paidverygood,,불필요한 변수를 줄였네,Cut distractions,
0202201bad,,기대 대비 실망이군,Underwhelming,
1202201bad,,내 기준을 맞춰와요,Meet my bar,
0202202servingdelay,,좀 늦었네요~,A bit late~,
1202202servingdelay,,오늘은 여유롭게~,Take it slow~,
0202202paidverygood,,맛있으면 장땡이죠,Tasty wins!,
1202202paidverygood,,이거 완전 제 스타일!,My full style,
0202202bad,,오늘은 좀 별로네요~,Bit lacking,
1202202bad,,다음엔 나아지겠죠,Better next time,
0202301servingdelay,,감정 끊기겠어요,Mood dropped,
1202301servingdelay,,흐름이 어긋났어요,Off tempo,
0202301paidverygood,,구성이 예술 같아요,Looks like art,
1202301paidverygood,,창의적인 시도 좋네요,Creative try,
0202301bad,,감각이 흐트러졌네요,Messy vibe,
1202301bad,,감정선이 끊겼어요,Mood lost..,
0202302servingdelay,,조금 느리군요,Little slow,
1202302servingdelay,,기다림은 예의가 아닌데,Wait’s rude,
0202302paidverygood,,가게 운영 좋네요,Nice biz!,
1202302paidverygood,,밸런스가 좋군,Well balanced,
0202302bad,,좋지 않군요,Not good,
1202302bad,,세련미가 부족했습니다,Lacked polish,
0202401order,,오늘 피드는 이거!,This is Feed!,
1202401order,,이 조명 완벽해요,Great lighting,
0202401servingdelay,,피드 끊기겠어요~,Feed ruined,
1202401servingdelay,,인스타 사진이 안 나와,No photo ㅠ,
0202401paidverygood,,완벽한 구도에요,Nice frame,
1202401paidverygood,,감성 충전 완료,Aesthetic!,
0202401bad,,피드감이 없었어요~,Not feedable,
1202401bad,,콘텐츠화 어렵겠네요,Hard to clip,
0202501order,,여러분 기대하세요~,Coming soon!,
1202501order,,먹방 시작합니다,Let’s mukbang!,
0202501servingdelay,,이걸 어쩌면 좋아 ㅠ,Oh no.. :(,
1202501servingdelay,,편집 난이도 올라가요~,Edit’s tough,
0202501paidverygood,,편집 잘 나올 것 같아,Might work!,
1202501paidverygood,,비주얼 미쳤어요~,Insane visual,
0202501bad,,이건 편집 불가에요,Can’t cut,
1202501bad,,리액션이 안 나와요~,No reaction,
0202502order,,이 씬 좋아요,Good scene,
1202502order,,조명 완벽합니다,Perfect light,
0202502servingdelay,,타이밍 놓쳤네요,Missed!,
1202502servingdelay,,이 컷은 쓰기가..,Bad cut,
0202502paidverygood,,카메라 무빙 좋아요,Great cam move,
1202502paidverygood,,컷! 편집 쉬울 듯,Easy edit,
0202502bad,,소재가 안 나왔네요,No material,
1202502bad,,방송용이 아닙니다,Not for air,
0202503order,,서비스 좀 봅시다,Fix service,
1202503order,,한 번 지켜보죠,Let’s watch,
0202503servingdelay,,이 딜레이는 실망이군요,Delay again?,
1202503servingdelay,,이러다 홍보 못해요,No Promo then,
0202503paidverygood,,서비스가 좋군요,Service good,
1202503paidverygood,,"서비스, 음식, 합격",Food & SVC ok,
0202503bad,,이건 실망입니다,Very bad,
1202503bad,,다음에는 더 낫기를,Be better~,
0202601servingdelay,,빨리 안 줄꺼야?,Faster please!,
1202601servingdelay,,이러기야?,Really now?,
0202601paidverygood,,내가 인정한다 ㅋㅋ,Respect!!,
1202601paidverygood,,다음에도 올게~,I'll be back!,
0202601bad,,이게 서비스야?,This sucks,
1202601bad,,"최악이다, 진짜",Worst ever,
0203001servingdelay,,빨리 먹고 싶어요~,Let me eat now,
1203001servingdelay,,진짜 배고파요,So hungry,
0203001paidverygood,,진짜 맛있어요!,So yummy!,
1203001paidverygood,,여긴 또 와야 해요~,Must come back,
0203001bad,,다음엔 잘해줘,Do better pls,
1203001bad,,느렸지만 괜찮아,Slow but fine,
0203002servingdelay,,서빙이 늦는 편이군요,Bit slow,
1203002servingdelay,,상황은 이해합니다,I get it,
0203002paidverygood,,나쁘지 않아요,Not bad,
1203002paidverygood,,고생하셨습니다,Thanks a lot,
0203002bad,,개선의 여지는 있네요,Needs work,
1203002bad,,다음에 다시 보죠,See you,
0203003servingdelay,,플레이팅도 예술이에요,Artful plate,
1203003servingdelay,,시간 멈춘 듯,Time stopped,
0203003paidverygood,,맛 감성 굿굿,Tasty & warm,
1203003paidverygood,,기분이 따뜻해졌어요,Felt warm,
0203003bad,,아쉬운 점도 있네요,Some flaws,
1203003bad,,서비스 아쉬워요,Poor service,
0203004servingdelay,,너무 늦었어요,Too slow,
1203004servingdelay,,제 실수 아니죠?,My fault?,
0203004paidverygood,,다행히 잘 나왔네요..,"Whew, okay",
1203004paidverygood,,조용히 먹었어요,A quiet meal,
0203004bad,,조금은 아쉬웠어요..,Bit off,
1203004bad,,다음엔 더 낫게,Do better,
0203005servingdelay,,맛 분위기 최고,Taste & vibe!,
1203005servingdelay,,기분 좋아졌어요,Mood lifted,
0203005paidverygood,,직원 친절했어요,Nice staff,
1203005paidverygood,,다음에도 또 올게요~,Come again~,
0203005bad,,다음에는 더 파이팅!,More effort~,
1203005bad,,더 개선해봐요!,Improve pls,
0203006servingdelay,,귀찮은 배고픔,Ugh hungry,
1203006servingdelay,,기다림 싫어요,Hate waiting,
0203006paidverygood,,그냥 그랬어요,So-so,
1203006paidverygood,,끼니는 해결했어요,Meal done,
0203006bad,,다시 오긴 애매해,Not again?,
1203006bad,,배달할 걸 그랬어,Should’ve delivery,
0203007servingdelay,,서빙 좀 빨리요,Faster plz,
1203007servingdelay,,바쁜데 다행이야,Glad it’s fast,
0203007paidverygood,,서빙 빨라 좋음,Quick meal,
1203007paidverygood,,빠르고 맛있음,Fast & tasty,
0203007bad,,오늘은 좀 느렸어요,Bit slow,
1203007bad,,다음에는 더 신속하게!,Faster next!,
0203008servingdelay,,간이 살짝 아쉽네요,Needs salt,
1203008servingdelay,,플레이팅은 괜찮았어요,Nice dish,
0203008paidverygood,,내 기준엔 아쉬워,Not enough,
1203008paidverygood,,음식 구성은 만족해요,Good menu,
0203008bad,,서비스가 거슬려,Service meh,
1203008bad,,서비스가 참..,Hmm service,
0203009servingdelay,,늦네,Late,
1203009servingdelay,,아직?,Still?,
0203009paidverygood,,맛있다,Tasty,
1203009paidverygood,,됐어,Fine,
0203009bad,,별로야,Nah,
1203009bad,,안 와,Not here,
0203010servingdelay,,아직 안 나왔네,Still waiting,
1203010servingdelay,,계속 멍하네요,Zoning out,
0203010paidverygood,,"아, 나왔네… 맛있다",Out! Yummy,
1203010paidverygood,,뭔가 꿈같은 맛이에요,Dreamy taste,
0203010bad,,왜 이런 서비스가..,This service..,
1203010bad,,안 좋은 기억이에요..,Bad memory,
0203011servingdelay,,여유 즐겨요,Chill time,
1203011servingdelay,,오늘 참 평화롭네요,So peaceful,
0203011paidverygood,,편안하게 잘 먹었어요,Felt comfy,
1203011paidverygood,,이런 분위기 좋아요,Good mood,
0203011bad,,늦었지만 괜찮습니다,Late but okay,
1203011bad,,더 나은 모습으로 뵈요,Do better next,
0203012servingdelay,,아직도 안 나왔어요?,Still not out?,
1203012servingdelay,,너무 늦네요,Too slow,
0203012paidverygood,,맛 하나는 인정합니다,Tastes great,
1203012paidverygood,,생각보다 괜찮았어요,Better than,
0203012bad,,그냥 별로에요,Not great,
1203012bad,,이건 뭔 서비스에요?,What service?,
0203013servingdelay,,"농담 안 해, 빨리","No joke, hurry",
1203013servingdelay,,배고픔의 승리!,Hunger wins!,
0203013paidverygood,,맛에 터졌음!,Flavor bomb!,
1203013paidverygood,,센스있네 이거,Nice touch,
0203013bad,,드립 안 나와,No jokes left,
1203013bad,,마음이 아파요~,Sad heart,
0203101servingdelay,,편안한 익숙함이군,Familiar taste,
1203101servingdelay,,느려도 괜찮아,Slow is ok,
0203101paidverygood,,다음에도 또 올게요,Come again,
1203101paidverygood,,아쉬웠지만 이해해요,I get it,
0203101bad,,수고 많으셨어요,Good job,
1203101bad,,항상 감사합니다,Thanks always,
0203102servingdelay,,제대로만 해줘,Do it right,
1203102servingdelay,,오늘은 약간 느렸군요,Bit slow,
0203102paidverygood,,역시 믿음직해,Trustworthy,
1203102paidverygood,,믿고 오는 곳이야,Trusted place,
0203102bad,,오늘은 살짝 아쉬웠소,Bit lacking,
1203102bad,,좋은 모습으로 보자고!,Show better!,
0203201servingdelay,,좀 밀리나 보네요,Bit behind,
1203201servingdelay,,늦어도 이해합니다,I get delay,
0203201paidverygood,,구성이 만족스럽습니다,Good set,
1203201paidverygood,,전체적으로 좋았어요,All good,
0203201bad,,기대에 못 미쳤습니다,Below hope,
1203201bad,,다음엔 잘해주세요,Do better,
0203202servingdelay,,좀 늦긴 하네요~,A bit late,
1203202servingdelay,,그래도 기다릴게요!,Still wait,
0203202paidverygood,,역시 맛있네요!,Still good,
1203202paidverygood,,여긴 실패가 없어요,Never bad,
0203202bad,,오늘은 조금 아쉬워요~,Bit off today,
1203202bad,,더 좋은 모습으로 봐요,Be better next,
0203301servingdelay,,흐름 끊지 마,Keep flow,
1203301servingdelay,,감정선이 흔들리네요,Mood off,
0203301paidverygood,,완벽한 조화였어요,Perfect match,
1203301paidverygood,,여운이 오래가네요,Long aftertaste,
0203301bad,,감동 부족합니다,Not moving,
1203301bad,,참 아쉽네요,Too bad,
0203302servingdelay,,다소 지체되었군요,Bit delay,
1203302servingdelay,,사정은 이해합니다,I get it,
0203302paidverygood,,고급진 맛이네요,Classy taste,
1203302paidverygood,,전반적으로 만족해요,Overall good,
0203302bad,,세련미 아쉬워요,Needs style,
1203302bad,,더 잘해봐요,Try harder,
0203401order,,오늘의 피드 각!,Feed worthy,
1203401order,,인테리어 좋아요~,Nice look,
0203401servingdelay,,뭔가 너무 늦는데 ㅠ,Too late..,
1203401servingdelay,,피드 각이 나오려나..,Feed shot?,
0203401paidverygood,,비주얼이 완벽하네요!,Perfect look,
1203401paidverygood,,비주얼 이쁘군요,Pretty dish,
0203401bad,,감성 아쉬운데요,Lacks vibe,
1203401bad,,콘텐츠화가 어렵겠어요,Hard to clip,
0203501order,,맛 리뷰 가자!,Let’s review,
1203501order,,구독자분들 기대하세요!,Stay tuned!,
0203501servingdelay,,늦으면 편집 힘들어요~,Edit pain,
1203501servingdelay,,타이밍 좀 맞춰줘요~,Time it plz,
0203501paidverygood,,먹방각 나왔음,Mukbang now,
1203501paidverygood,,이건 썸네일!,Thumbnail!,
0203501bad,,오늘 편집 걱정되네요,Edit stress,
1203501bad,,영상 애매함,Vague shot,
0203502order,,카메라 앵글 괜찮네요,Good angle,
1203502order,,구성이 자연스러워요,Flows well,
0203502servingdelay,,타이밍 놓쳤어요,Missed cue,
1203502servingdelay,,흐름이 끊겼네요,Flow broke,
0203502paidverygood,,조명이 잘 받네요,Nice light,
1203502paidverygood,,컷 연결이 매끄러워요,Smooth cuts,
0203502bad,,편집 힘들지도?,Edit hard?,
1203502bad,,방송용으론 부족해요,Not TV fit,
0203503order,,기대되는 메뉴,Hopeful pick,
1203503order,,실력을 보겠습니다,Let’s see,
0203503servingdelay,,너무 오래 걸리네요,Too long..,
1203503servingdelay,,타이밍 실망인데?,Bad timing..,
0203503paidverygood,,퀄리티 좋았습니다,Good quality,
1203503paidverygood,,플레이팅도 완벽했어요,Nice plating,
0203503bad,,전체적으로 아쉽군,Lacks overall,
1203503bad,,기본은 지켜야죠,Respect basics,
0203601order,,여기가 밥 잘한대매?,Thought it’s good,
1203601order,,모든게 다 별로인데?,All bad,
0203601servingdelay,,늦는거야? 진심으로?,Really late?,
1203601servingdelay,,안 내놓냐?,Bring it!,
0203601paidverygood,,그래도 먹을만은 했네,Not too bad,
1203601paidverygood,,이 정도면 평타지,Fair enough,
0203601bad,,서비스 구리네,Bad service,
1203601bad,,"카악, ?",*spits*,